/* Auto-generated ld-cosmo binary (17048 bytes) */
static const unsigned char ld_cosmo_bin[] = {
    0x7f, 0x45, 0x4c, 0x46, 0x02, 0x01, 0x01, 0x00, 0x00, 0x00, 0x00, 0x00, 0x00, 0x00, 0x00, 0x00,
    0x02, 0x00, 0x3e, 0x00, 0x01, 0x00, 0x00, 0x00, 0x70, 0x19, 0x10, 0x00, 0x00, 0x7f, 0x00, 0x00,
    0x40, 0x00, 0x00, 0x00, 0x00, 0x00, 0x00, 0x00, 0x18, 0x41, 0x00, 0x00, 0x00, 0x00, 0x00, 0x00,
    0x00, 0x00, 0x00, 0x00, 0x40, 0x00, 0x38, 0x00, 0x02, 0x00, 0x40, 0x00, 0x06, 0x00, 0x05, 0x00,
    0x01, 0x00, 0x00, 0x00, 0x07, 0x00, 0x00, 0x00, 0x00, 0x10, 0x00, 0x00, 0x00, 0x00, 0x00, 0x00,
    0x00, 0x00, 0x10, 0x00, 0x00, 0x7f, 0x00, 0x00, 0x00, 0x00, 0x10, 0x00, 0x00, 0x7f, 0x00, 0x00,
    0x58, 0x2e, 0x00, 0x00, 0x00, 0x00, 0x00, 0x00, 0xe0, 0x36, 0x00, 0x00, 0x00, 0x00, 0x00, 0x00,
    0x00, 0x10, 0x00, 0x00, 0x00, 0x00, 0x00, 0x00, 0x51, 0xe5, 0x74, 0x64, 0x06, 0x00, 0x00, 0x00,
    0x00, 0x00, 0x00, 0x00, 0x00, 0x00, 0x00, 0x00, 0x00, 0x00, 0x00, 0x00, 0x00, 0x00, 0x00, 0x00,
    0x00, 0x00, 0x00, 0x00, 0x00, 0x00, 0x00, 0x00, 0x00, 0x00, 0x00, 0x00, 0x00, 0x00, 0x00, 0x00,
    0x00, 0x00, 0x00, 0x00, 0x00, 0x00, 0x00, 0x00, 0x10, 0x00, 0x00, 0x00, 0x00, 0x00, 0x00, 0x00,
    0x00, 0x00, 0x00, 0x00, 0x00, 0x00, 0x00, 0x00, 0x00, 0x00, 0x00, 0x00, 0x00, 0x00, 0x00, 0x00,
    0x00, 0x00, 0x00, 0x00, 0x00, 0x00, 0x00, 0x00, 0x00, 0x00, 0x00, 0x00, 0x00, 0x00, 0x00, 0x00,
    0x00, 0x00, 0x00, 0x00, 0x00, 0x00, 0x00, 0x00, 0x00, 0x00, 0x00, 0x00, 0x00, 0x00, 0x00, 0x00,
    0x00, 0x00, 0x00, 0x00, 0x00, 0x00, 0x00, 0x00, 0x00, 0x00, 0x00, 0x00, 0x00, 0x00, 0x00, 0x00,
    0x00, 0x00, 0x00, 0x00, 0x00, 0x00, 0x00, 0x00, 0x00, 0x00, 0x00, 0x00, 0x00, 0x00, 0x00, 0x00,
    0x00, 0x00, 0x00, 0x00, 0x00, 0x00, 0x00, 0x00, 0x00, 0x00, 0x00, 0x00, 0x00, 0x00, 0x00, 0x00,
    0x00, 0x00, 0x00, 0x00, 0x00, 0x00, 0x00, 0x00, 0x00, 0x00, 0x00, 0x00, 0x00, 0x00, 0x00, 0x00,
    0x00, 0x00, 0x00, 0x00, 0x00, 0x00, 0x00, 0x00, 0x00, 0x00, 0x00, 0x00, 0x00, 0x00, 0x00, 0x00,
    0x00, 0x00, 0x00, 0x00, 0x00, 0x00, 0x00, 0x00, 0x00, 0x00, 0x00, 0x00, 0x00, 0x00, 0x00, 0x00,
    0x00, 0x00, 0x00, 0x00, 0x00, 0x00, 0x00, 0x00, 0x00, 0x00, 0x00, 0x00, 0x00, 0x00, 0x00, 0x00,
    0x00, 0x00, 0x00, 0x00, 0x00, 0x00, 0x00, 0x00, 0x00, 0x00, 0x00, 0x00, 0x00, 0x00, 0x00, 0x00,
    0x00, 0x00, 0x00, 0x00, 0x00, 0x00, 0x00, 0x00, 0x00, 0x00, 0x00, 0x00, 0x00, 0x00, 0x00, 0x00,
    0x00, 0x00, 0x00, 0x00, 0x00, 0x00, 0x00, 0x00, 0x00, 0x00, 0x00, 0x00, 0x00, 0x00, 0x00, 0x00,
    0x00, 0x00, 0x00, 0x00, 0x00, 0x00, 0x00, 0x00, 0x00, 0x00, 0x00, 0x00, 0x00, 0x00, 0x00, 0x00,
    0x00, 0x00, 0x00, 0x00, 0x00, 0x00, 0x00, 0x00, 0x00, 0x00, 0x00, 0x00, 0x00, 0x00, 0x00, 0x00,
    0x00, 0x00, 0x00, 0x00, 0x00, 0x00, 0x00, 0x00, 0x00, 0x00, 0x00, 0x00, 0x00, 0x00, 0x00, 0x00,
    0x00, 0x00, 0x00, 0x00, 0x00, 0x00, 0x00, 0x00, 0x00, 0x00, 0x00, 0x00, 0x00, 0x00, 0x00, 0x00,
    0x00, 0x00, 0x00, 0x00, 0x00, 0x00, 0x00, 0x00, 0x00, 0x00, 0x00, 0x00, 0x00, 0x00, 0x00, 0x00,
    0x00, 0x00, 0x00, 0x00, 0x00, 0x00, 0x00, 0x00, 0x00, 0x00, 0x00, 0x00, 0x00, 0x00, 0x00, 0x00,
    0x00, 0x00, 0x00, 0x00, 0x00, 0x00, 0x00, 0x00, 0x00, 0x00, 0x00, 0x00, 0x00, 0x00, 0x00, 0x00,
    0x00, 0x00, 0x00, 0x00, 0x00, 0x00, 0x00, 0x00, 0x00, 0x00, 0x00, 0x00, 0x00, 0x00, 0x00, 0x00,
    0x00, 0x00, 0x00, 0x00, 0x00, 0x00, 0x00, 0x00, 0x00, 0x00, 0x00, 0x00, 0x00, 0x00, 0x00, 0x00,
    0x00, 0x00, 0x00, 0x00, 0x00, 0x00, 0x00, 0x00, 0x00, 0x00, 0x00, 0x00, 0x00, 0x00, 0x00, 0x00,
    0x00, 0x00, 0x00, 0x00, 0x00, 0x00, 0x00, 0x00, 0x00, 0x00, 0x00, 0x00, 0x00, 0x00, 0x00, 0x00,
    0x00, 0x00, 0x00, 0x00, 0x00, 0x00, 0x00, 0x00, 0x00, 0x00, 0x00, 0x00, 0x00, 0x00, 0x00, 0x00,
    0x00, 0x00, 0x00, 0x00, 0x00, 0x00, 0x00, 0x00, 0x00, 0x00, 0x00, 0x00, 0x00, 0x00, 0x00, 0x00,
    0x00, 0x00, 0x00, 0x00, 0x00, 0x00, 0x00, 0x00, 0x00, 0x00, 0x00, 0x00, 0x00, 0x00, 0x00, 0x00,
    0x00, 0x00, 0x00, 0x00, 0x00, 0x00, 0x00, 0x00, 0x00, 0x00, 0x00, 0x00, 0x00, 0x00, 0x00, 0x00,
    0x00, 0x00, 0x00, 0x00, 0x00, 0x00, 0x00, 0x00, 0x00, 0x00, 0x00, 0x00, 0x00, 0x00, 0x00, 0x00,
    0x00, 0x00, 0x00, 0x00, 0x00, 0x00, 0x00, 0x00, 0x00, 0x00, 0x00, 0x00, 0x00, 0x00, 0x00, 0x00,
    0x00, 0x00, 0x00, 0x00, 0x00, 0x00, 0x00, 0x00, 0x00, 0x00, 0x00, 0x00, 0x00, 0x00, 0x00, 0x00,
    0x00, 0x00, 0x00, 0x00, 0x00, 0x00, 0x00, 0x00, 0x00, 0x00, 0x00, 0x00, 0x00, 0x00, 0x00, 0x00,
    0x00, 0x00, 0x00, 0x00, 0x00, 0x00, 0x00, 0x00, 0x00, 0x00, 0x00, 0x00, 0x00, 0x00, 0x00, 0x00,
    0x00, 0x00, 0x00, 0x00, 0x00, 0x00, 0x00, 0x00, 0x00, 0x00, 0x00, 0x00, 0x00, 0x00, 0x00, 0x00,
    0x00, 0x00, 0x00, 0x00, 0x00, 0x00, 0x00, 0x00, 0x00, 0x00, 0x00, 0x00, 0x00, 0x00, 0x00, 0x00,
    0x00, 0x00, 0x00, 0x00, 0x00, 0x00, 0x00, 0x00, 0x00, 0x00, 0x00, 0x00, 0x00, 0x00, 0x00, 0x00,
    0x00, 0x00, 0x00, 0x00, 0x00, 0x00, 0x00, 0x00, 0x00, 0x00, 0x00, 0x00, 0x00, 0x00, 0x00, 0x00,
    0x00, 0x00, 0x00, 0x00, 0x00, 0x00, 0x00, 0x00, 0x00, 0x00, 0x00, 0x00, 0x00, 0x00, 0x00, 0x00,
    0x00, 0x00, 0x00, 0x00, 0x00, 0x00, 0x00, 0x00, 0x00, 0x00, 0x00, 0x00, 0x00, 0x00, 0x00, 0x00,
    0x00, 0x00, 0x00, 0x00, 0x00, 0x00, 0x00, 0x00, 0x00, 0x00, 0x00, 0x00, 0x00, 0x00, 0x00, 0x00,
    0x00, 0x00, 0x00, 0x00, 0x00, 0x00, 0x00, 0x00, 0x00, 0x00, 0x00, 0x00, 0x00, 0x00, 0x00, 0x00,
    0x00, 0x00, 0x00, 0x00, 0x00, 0x00, 0x00, 0x00, 0x00, 0x00, 0x00, 0x00, 0x00, 0x00, 0x00, 0x00,
    0x00, 0x00, 0x00, 0x00, 0x00, 0x00, 0x00, 0x00, 0x00, 0x00, 0x00, 0x00, 0x00, 0x00, 0x00, 0x00,
    0x00, 0x00, 0x00, 0x00, 0x00, 0x00, 0x00, 0x00, 0x00, 0x00, 0x00, 0x00, 0x00, 0x00, 0x00, 0x00,
    0x00, 0x00, 0x00, 0x00, 0x00, 0x00, 0x00, 0x00, 0x00, 0x00, 0x00, 0x00, 0x00, 0x00, 0x00, 0x00,
    0x00, 0x00, 0x00, 0x00, 0x00, 0x00, 0x00, 0x00, 0x00, 0x00, 0x00, 0x00, 0x00, 0x00, 0x00, 0x00,
    0x00, 0x00, 0x00, 0x00, 0x00, 0x00, 0x00, 0x00, 0x00, 0x00, 0x00, 0x00, 0x00, 0x00, 0x00, 0x00,
    0x00, 0x00, 0x00, 0x00, 0x00, 0x00, 0x00, 0x00, 0x00, 0x00, 0x00, 0x00, 0x00, 0x00, 0x00, 0x00,
    0x00, 0x00, 0x00, 0x00, 0x00, 0x00, 0x00, 0x00, 0x00, 0x00, 0x00, 0x00, 0x00, 0x00, 0x00, 0x00,
    0x00, 0x00, 0x00, 0x00, 0x00, 0x00, 0x00, 0x00, 0x00, 0x00, 0x00, 0x00, 0x00, 0x00, 0x00, 0x00,
    0x00, 0x00, 0x00, 0x00, 0x00, 0x00, 0x00, 0x00, 0x00, 0x00, 0x00, 0x00, 0x00, 0x00, 0x00, 0x00,
    0x00, 0x00, 0x00, 0x00, 0x00, 0x00, 0x00, 0x00, 0x00, 0x00, 0x00, 0x00, 0x00, 0x00, 0x00, 0x00,
    0x00, 0x00, 0x00, 0x00, 0x00, 0x00, 0x00, 0x00, 0x00, 0x00, 0x00, 0x00, 0x00, 0x00, 0x00, 0x00,
    0x00, 0x00, 0x00, 0x00, 0x00, 0x00, 0x00, 0x00, 0x00, 0x00, 0x00, 0x00, 0x00, 0x00, 0x00, 0x00,
    0x00, 0x00, 0x00, 0x00, 0x00, 0x00, 0x00, 0x00, 0x00, 0x00, 0x00, 0x00, 0x00, 0x00, 0x00, 0x00,
    0x00, 0x00, 0x00, 0x00, 0x00, 0x00, 0x00, 0x00, 0x00, 0x00, 0x00, 0x00, 0x00, 0x00, 0x00, 0x00,
    0x00, 0x00, 0x00, 0x00, 0x00, 0x00, 0x00, 0x00, 0x00, 0x00, 0x00, 0x00, 0x00, 0x00, 0x00, 0x00,
    0x00, 0x00, 0x00, 0x00, 0x00, 0x00, 0x00, 0x00, 0x00, 0x00, 0x00, 0x00, 0x00, 0x00, 0x00, 0x00,
    0x00, 0x00, 0x00, 0x00, 0x00, 0x00, 0x00, 0x00, 0x00, 0x00, 0x00, 0x00, 0x00, 0x00, 0x00, 0x00,
    0x00, 0x00, 0x00, 0x00, 0x00, 0x00, 0x00, 0x00, 0x00, 0x00, 0x00, 0x00, 0x00, 0x00, 0x00, 0x00,
    0x00, 0x00, 0x00, 0x00, 0x00, 0x00, 0x00, 0x00, 0x00, 0x00, 0x00, 0x00, 0x00, 0x00, 0x00, 0x00,
    0x00, 0x00, 0x00, 0x00, 0x00, 0x00, 0x00, 0x00, 0x00, 0x00, 0x00, 0x00, 0x00, 0x00, 0x00, 0x00,
    0x00, 0x00, 0x00, 0x00, 0x00, 0x00, 0x00, 0x00, 0x00, 0x00, 0x00, 0x00, 0x00, 0x00, 0x00, 0x00,
    0x00, 0x00, 0x00, 0x00, 0x00, 0x00, 0x00, 0x00, 0x00, 0x00, 0x00, 0x00, 0x00, 0x00, 0x00, 0x00,
    0x00, 0x00, 0x00, 0x00, 0x00, 0x00, 0x00, 0x00, 0x00, 0x00, 0x00, 0x00, 0x00, 0x00, 0x00, 0x00,
    0x00, 0x00, 0x00, 0x00, 0x00, 0x00, 0x00, 0x00, 0x00, 0x00, 0x00, 0x00, 0x00, 0x00, 0x00, 0x00,
    0x00, 0x00, 0x00, 0x00, 0x00, 0x00, 0x00, 0x00, 0x00, 0x00, 0x00, 0x00, 0x00, 0x00, 0x00, 0x00,
    0x00, 0x00, 0x00, 0x00, 0x00, 0x00, 0x00, 0x00, 0x00, 0x00, 0x00, 0x00, 0x00, 0x00, 0x00, 0x00,
    0x00, 0x00, 0x00, 0x00, 0x00, 0x00, 0x00, 0x00, 0x00, 0x00, 0x00, 0x00, 0x00, 0x00, 0x00, 0x00,
    0x00, 0x00, 0x00, 0x00, 0x00, 0x00, 0x00, 0x00, 0x00, 0x00, 0x00, 0x00, 0x00, 0x00, 0x00, 0x00,
    0x00, 0x00, 0x00, 0x00, 0x00, 0x00, 0x00, 0x00, 0x00, 0x00, 0x00, 0x00, 0x00, 0x00, 0x00, 0x00,
    0x00, 0x00, 0x00, 0x00, 0x00, 0x00, 0x00, 0x00, 0x00, 0x00, 0x00, 0x00, 0x00, 0x00, 0x00, 0x00,
    0x00, 0x00, 0x00, 0x00, 0x00, 0x00, 0x00, 0x00, 0x00, 0x00, 0x00, 0x00, 0x00, 0x00, 0x00, 0x00,
    0x00, 0x00, 0x00, 0x00, 0x00, 0x00, 0x00, 0x00, 0x00, 0x00, 0x00, 0x00, 0x00, 0x00, 0x00, 0x00,
    0x00, 0x00, 0x00, 0x00, 0x00, 0x00, 0x00, 0x00, 0x00, 0x00, 0x00, 0x00, 0x00, 0x00, 0x00, 0x00,
    0x00, 0x00, 0x00, 0x00, 0x00, 0x00, 0x00, 0x00, 0x00, 0x00, 0x00, 0x00, 0x00, 0x00, 0x00, 0x00,
    0x00, 0x00, 0x00, 0x00, 0x00, 0x00, 0x00, 0x00, 0x00, 0x00, 0x00, 0x00, 0x00, 0x00, 0x00, 0x00,
    0x00, 0x00, 0x00, 0x00, 0x00, 0x00, 0x00, 0x00, 0x00, 0x00, 0x00, 0x00, 0x00, 0x00, 0x00, 0x00,
    0x00, 0x00, 0x00, 0x00, 0x00, 0x00, 0x00, 0x00, 0x00, 0x00, 0x00, 0x00, 0x00, 0x00, 0x00, 0x00,
    0x00, 0x00, 0x00, 0x00, 0x00, 0x00, 0x00, 0x00, 0x00, 0x00, 0x00, 0x00, 0x00, 0x00, 0x00, 0x00,
    0x00, 0x00, 0x00, 0x00, 0x00, 0x00, 0x00, 0x00, 0x00, 0x00, 0x00, 0x00, 0x00, 0x00, 0x00, 0x00,
    0x00, 0x00, 0x00, 0x00, 0x00, 0x00, 0x00, 0x00, 0x00, 0x00, 0x00, 0x00, 0x00, 0x00, 0x00, 0x00,
    0x00, 0x00, 0x00, 0x00, 0x00, 0x00, 0x00, 0x00, 0x00, 0x00, 0x00, 0x00, 0x00, 0x00, 0x00, 0x00,
    0x00, 0x00, 0x00, 0x00, 0x00, 0x00, 0x00, 0x00, 0x00, 0x00, 0x00, 0x00, 0x00, 0x00, 0x00, 0x00,
    0x00, 0x00, 0x00, 0x00, 0x00, 0x00, 0x00, 0x00, 0x00, 0x00, 0x00, 0x00, 0x00, 0x00, 0x00, 0x00,
    0x00, 0x00, 0x00, 0x00, 0x00, 0x00, 0x00, 0x00, 0x00, 0x00, 0x00, 0x00, 0x00, 0x00, 0x00, 0x00,
    0x00, 0x00, 0x00, 0x00, 0x00, 0x00, 0x00, 0x00, 0x00, 0x00, 0x00, 0x00, 0x00, 0x00, 0x00, 0x00,
    0x00, 0x00, 0x00, 0x00, 0x00, 0x00, 0x00, 0x00, 0x00, 0x00, 0x00, 0x00, 0x00, 0x00, 0x00, 0x00,
    0x00, 0x00, 0x00, 0x00, 0x00, 0x00, 0x00, 0x00, 0x00, 0x00, 0x00, 0x00, 0x00, 0x00, 0x00, 0x00,
    0x00, 0x00, 0x00, 0x00, 0x00, 0x00, 0x00, 0x00, 0x00, 0x00, 0x00, 0x00, 0x00, 0x00, 0x00, 0x00,
    0x00, 0x00, 0x00, 0x00, 0x00, 0x00, 0x00, 0x00, 0x00, 0x00, 0x00, 0x00, 0x00, 0x00, 0x00, 0x00,
    0x00, 0x00, 0x00, 0x00, 0x00, 0x00, 0x00, 0x00, 0x00, 0x00, 0x00, 0x00, 0x00, 0x00, 0x00, 0x00,
    0x00, 0x00, 0x00, 0x00, 0x00, 0x00, 0x00, 0x00, 0x00, 0x00, 0x00, 0x00, 0x00, 0x00, 0x00, 0x00,
    0x00, 0x00, 0x00, 0x00, 0x00, 0x00, 0x00, 0x00, 0x00, 0x00, 0x00, 0x00, 0x00, 0x00, 0x00, 0x00,
    0x00, 0x00, 0x00, 0x00, 0x00, 0x00, 0x00, 0x00, 0x00, 0x00, 0x00, 0x00, 0x00, 0x00, 0x00, 0x00,
    0x00, 0x00, 0x00, 0x00, 0x00, 0x00, 0x00, 0x00, 0x00, 0x00, 0x00, 0x00, 0x00, 0x00, 0x00, 0x00,
    0x00, 0x00, 0x00, 0x00, 0x00, 0x00, 0x00, 0x00, 0x00, 0x00, 0x00, 0x00, 0x00, 0x00, 0x00, 0x00,
    0x00, 0x00, 0x00, 0x00, 0x00, 0x00, 0x00, 0x00, 0x00, 0x00, 0x00, 0x00, 0x00, 0x00, 0x00, 0x00,
    0x00, 0x00, 0x00, 0x00, 0x00, 0x00, 0x00, 0x00, 0x00, 0x00, 0x00, 0x00, 0x00, 0x00, 0x00, 0x00,
    0x00, 0x00, 0x00, 0x00, 0x00, 0x00, 0x00, 0x00, 0x00, 0x00, 0x00, 0x00, 0x00, 0x00, 0x00, 0x00,
    0x00, 0x00, 0x00, 0x00, 0x00, 0x00, 0x00, 0x00, 0x00, 0x00, 0x00, 0x00, 0x00, 0x00, 0x00, 0x00,
    0x00, 0x00, 0x00, 0x00, 0x00, 0x00, 0x00, 0x00, 0x00, 0x00, 0x00, 0x00, 0x00, 0x00, 0x00, 0x00,
    0x00, 0x00, 0x00, 0x00, 0x00, 0x00, 0x00, 0x00, 0x00, 0x00, 0x00, 0x00, 0x00, 0x00, 0x00, 0x00,
    0x00, 0x00, 0x00, 0x00, 0x00, 0x00, 0x00, 0x00, 0x00, 0x00, 0x00, 0x00, 0x00, 0x00, 0x00, 0x00,
    0x00, 0x00, 0x00, 0x00, 0x00, 0x00, 0x00, 0x00, 0x00, 0x00, 0x00, 0x00, 0x00, 0x00, 0x00, 0x00,
    0x00, 0x00, 0x00, 0x00, 0x00, 0x00, 0x00, 0x00, 0x00, 0x00, 0x00, 0x00, 0x00, 0x00, 0x00, 0x00,
    0x00, 0x00, 0x00, 0x00, 0x00, 0x00, 0x00, 0x00, 0x00, 0x00, 0x00, 0x00, 0x00, 0x00, 0x00, 0x00,
    0x00, 0x00, 0x00, 0x00, 0x00, 0x00, 0x00, 0x00, 0x00, 0x00, 0x00, 0x00, 0x00, 0x00, 0x00, 0x00,
    0x00, 0x00, 0x00, 0x00, 0x00, 0x00, 0x00, 0x00, 0x00, 0x00, 0x00, 0x00, 0x00, 0x00, 0x00, 0x00,
    0x00, 0x00, 0x00, 0x00, 0x00, 0x00, 0x00, 0x00, 0x00, 0x00, 0x00, 0x00, 0x00, 0x00, 0x00, 0x00,
    0x00, 0x00, 0x00, 0x00, 0x00, 0x00, 0x00, 0x00, 0x00, 0x00, 0x00, 0x00, 0x00, 0x00, 0x00, 0x00,
    0x00, 0x00, 0x00, 0x00, 0x00, 0x00, 0x00, 0x00, 0x00, 0x00, 0x00, 0x00, 0x00, 0x00, 0x00, 0x00,
    0x00, 0x00, 0x00, 0x00, 0x00, 0x00, 0x00, 0x00, 0x00, 0x00, 0x00, 0x00, 0x00, 0x00, 0x00, 0x00,
    0x00, 0x00, 0x00, 0x00, 0x00, 0x00, 0x00, 0x00, 0x00, 0x00, 0x00, 0x00, 0x00, 0x00, 0x00, 0x00,
    0x00, 0x00, 0x00, 0x00, 0x00, 0x00, 0x00, 0x00, 0x00, 0x00, 0x00, 0x00, 0x00, 0x00, 0x00, 0x00,
    0x00, 0x00, 0x00, 0x00, 0x00, 0x00, 0x00, 0x00, 0x00, 0x00, 0x00, 0x00, 0x00, 0x00, 0x00, 0x00,
    0x00, 0x00, 0x00, 0x00, 0x00, 0x00, 0x00, 0x00, 0x00, 0x00, 0x00, 0x00, 0x00, 0x00, 0x00, 0x00,
    0x00, 0x00, 0x00, 0x00, 0x00, 0x00, 0x00, 0x00, 0x00, 0x00, 0x00, 0x00, 0x00, 0x00, 0x00, 0x00,
    0x00, 0x00, 0x00, 0x00, 0x00, 0x00, 0x00, 0x00, 0x00, 0x00, 0x00, 0x00, 0x00, 0x00, 0x00, 0x00,
    0x00, 0x00, 0x00, 0x00, 0x00, 0x00, 0x00, 0x00, 0x00, 0x00, 0x00, 0x00, 0x00, 0x00, 0x00, 0x00,
    0x00, 0x00, 0x00, 0x00, 0x00, 0x00, 0x00, 0x00, 0x00, 0x00, 0x00, 0x00, 0x00, 0x00, 0x00, 0x00,
    0x00, 0x00, 0x00, 0x00, 0x00, 0x00, 0x00, 0x00, 0x00, 0x00, 0x00, 0x00, 0x00, 0x00, 0x00, 0x00,
    0x00, 0x00, 0x00, 0x00, 0x00, 0x00, 0x00, 0x00, 0x00, 0x00, 0x00, 0x00, 0x00, 0x00, 0x00, 0x00,
    0x00, 0x00, 0x00, 0x00, 0x00, 0x00, 0x00, 0x00, 0x00, 0x00, 0x00, 0x00, 0x00, 0x00, 0x00, 0x00,
    0x00, 0x00, 0x00, 0x00, 0x00, 0x00, 0x00, 0x00, 0x00, 0x00, 0x00, 0x00, 0x00, 0x00, 0x00, 0x00,
    0x00, 0x00, 0x00, 0x00, 0x00, 0x00, 0x00, 0x00, 0x00, 0x00, 0x00, 0x00, 0x00, 0x00, 0x00, 0x00,
    0x00, 0x00, 0x00, 0x00, 0x00, 0x00, 0x00, 0x00, 0x00, 0x00, 0x00, 0x00, 0x00, 0x00, 0x00, 0x00,
    0x00, 0x00, 0x00, 0x00, 0x00, 0x00, 0x00, 0x00, 0x00, 0x00, 0x00, 0x00, 0x00, 0x00, 0x00, 0x00,
    0x00, 0x00, 0x00, 0x00, 0x00, 0x00, 0x00, 0x00, 0x00, 0x00, 0x00, 0x00, 0x00, 0x00, 0x00, 0x00,
    0x00, 0x00, 0x00, 0x00, 0x00, 0x00, 0x00, 0x00, 0x00, 0x00, 0x00, 0x00, 0x00, 0x00, 0x00, 0x00,
    0x00, 0x00, 0x00, 0x00, 0x00, 0x00, 0x00, 0x00, 0x00, 0x00, 0x00, 0x00, 0x00, 0x00, 0x00, 0x00,
    0x00, 0x00, 0x00, 0x00, 0x00, 0x00, 0x00, 0x00, 0x00, 0x00, 0x00, 0x00, 0x00, 0x00, 0x00, 0x00,
    0x00, 0x00, 0x00, 0x00, 0x00, 0x00, 0x00, 0x00, 0x00, 0x00, 0x00, 0x00, 0x00, 0x00, 0x00, 0x00,
    0x00, 0x00, 0x00, 0x00, 0x00, 0x00, 0x00, 0x00, 0x00, 0x00, 0x00, 0x00, 0x00, 0x00, 0x00, 0x00,
    0x00, 0x00, 0x00, 0x00, 0x00, 0x00, 0x00, 0x00, 0x00, 0x00, 0x00, 0x00, 0x00, 0x00, 0x00, 0x00,
    0x00, 0x00, 0x00, 0x00, 0x00, 0x00, 0x00, 0x00, 0x00, 0x00, 0x00, 0x00, 0x00, 0x00, 0x00, 0x00,
    0x00, 0x00, 0x00, 0x00, 0x00, 0x00, 0x00, 0x00, 0x00, 0x00, 0x00, 0x00, 0x00, 0x00, 0x00, 0x00,
    0x00, 0x00, 0x00, 0x00, 0x00, 0x00, 0x00, 0x00, 0x00, 0x00, 0x00, 0x00, 0x00, 0x00, 0x00, 0x00,
    0x00, 0x00, 0x00, 0x00, 0x00, 0x00, 0x00, 0x00, 0x00, 0x00, 0x00, 0x00, 0x00, 0x00, 0x00, 0x00,
    0x00, 0x00, 0x00, 0x00, 0x00, 0x00, 0x00, 0x00, 0x00, 0x00, 0x00, 0x00, 0x00, 0x00, 0x00, 0x00,
    0x00, 0x00, 0x00, 0x00, 0x00, 0x00, 0x00, 0x00, 0x00, 0x00, 0x00, 0x00, 0x00, 0x00, 0x00, 0x00,
    0x00, 0x00, 0x00, 0x00, 0x00, 0x00, 0x00, 0x00, 0x00, 0x00, 0x00, 0x00, 0x00, 0x00, 0x00, 0x00,
    0x00, 0x00, 0x00, 0x00, 0x00, 0x00, 0x00, 0x00, 0x00, 0x00, 0x00, 0x00, 0x00, 0x00, 0x00, 0x00,
    0x00, 0x00, 0x00, 0x00, 0x00, 0x00, 0x00, 0x00, 0x00, 0x00, 0x00, 0x00, 0x00, 0x00, 0x00, 0x00,
    0x00, 0x00, 0x00, 0x00, 0x00, 0x00, 0x00, 0x00, 0x00, 0x00, 0x00, 0x00, 0x00, 0x00, 0x00, 0x00,
    0x00, 0x00, 0x00, 0x00, 0x00, 0x00, 0x00, 0x00, 0x00, 0x00, 0x00, 0x00, 0x00, 0x00, 0x00, 0x00,
    0x00, 0x00, 0x00, 0x00, 0x00, 0x00, 0x00, 0x00, 0x00, 0x00, 0x00, 0x00, 0x00, 0x00, 0x00, 0x00,
    0x00, 0x00, 0x00, 0x00, 0x00, 0x00, 0x00, 0x00, 0x00, 0x00, 0x00, 0x00, 0x00, 0x00, 0x00, 0x00,
    0x00, 0x00, 0x00, 0x00, 0x00, 0x00, 0x00, 0x00, 0x00, 0x00, 0x00, 0x00, 0x00, 0x00, 0x00, 0x00,
    0x00, 0x00, 0x00, 0x00, 0x00, 0x00, 0x00, 0x00, 0x00, 0x00, 0x00, 0x00, 0x00, 0x00, 0x00, 0x00,
    0x00, 0x00, 0x00, 0x00, 0x00, 0x00, 0x00, 0x00, 0x00, 0x00, 0x00, 0x00, 0x00, 0x00, 0x00, 0x00,
    0x00, 0x00, 0x00, 0x00, 0x00, 0x00, 0x00, 0x00, 0x00, 0x00, 0x00, 0x00, 0x00, 0x00, 0x00, 0x00,
    0x00, 0x00, 0x00, 0x00, 0x00, 0x00, 0x00, 0x00, 0x00, 0x00, 0x00, 0x00, 0x00, 0x00, 0x00, 0x00,
    0x00, 0x00, 0x00, 0x00, 0x00, 0x00, 0x00, 0x00, 0x00, 0x00, 0x00, 0x00, 0x00, 0x00, 0x00, 0x00,
    0x00, 0x00, 0x00, 0x00, 0x00, 0x00, 0x00, 0x00, 0x00, 0x00, 0x00, 0x00, 0x00, 0x00, 0x00, 0x00,
    0x00, 0x00, 0x00, 0x00, 0x00, 0x00, 0x00, 0x00, 0x00, 0x00, 0x00, 0x00, 0x00, 0x00, 0x00, 0x00,
    0x00, 0x00, 0x00, 0x00, 0x00, 0x00, 0x00, 0x00, 0x00, 0x00, 0x00, 0x00, 0x00, 0x00, 0x00, 0x00,
    0x00, 0x00, 0x00, 0x00, 0x00, 0x00, 0x00, 0x00, 0x00, 0x00, 0x00, 0x00, 0x00, 0x00, 0x00, 0x00,
    0x00, 0x00, 0x00, 0x00, 0x00, 0x00, 0x00, 0x00, 0x00, 0x00, 0x00, 0x00, 0x00, 0x00, 0x00, 0x00,
    0x00, 0x00, 0x00, 0x00, 0x00, 0x00, 0x00, 0x00, 0x00, 0x00, 0x00, 0x00, 0x00, 0x00, 0x00, 0x00,
    0x00, 0x00, 0x00, 0x00, 0x00, 0x00, 0x00, 0x00, 0x00, 0x00, 0x00, 0x00, 0x00, 0x00, 0x00, 0x00,
    0x00, 0x00, 0x00, 0x00, 0x00, 0x00, 0x00, 0x00, 0x00, 0x00, 0x00, 0x00, 0x00, 0x00, 0x00, 0x00,
    0x00, 0x00, 0x00, 0x00, 0x00, 0x00, 0x00, 0x00, 0x00, 0x00, 0x00, 0x00, 0x00, 0x00, 0x00, 0x00,
    0x00, 0x00, 0x00, 0x00, 0x00, 0x00, 0x00, 0x00, 0x00, 0x00, 0x00, 0x00, 0x00, 0x00, 0x00, 0x00,
    0x00, 0x00, 0x00, 0x00, 0x00, 0x00, 0x00, 0x00, 0x00, 0x00, 0x00, 0x00, 0x00, 0x00, 0x00, 0x00,
    0x00, 0x00, 0x00, 0x00, 0x00, 0x00, 0x00, 0x00, 0x00, 0x00, 0x00, 0x00, 0x00, 0x00, 0x00, 0x00,
    0x00, 0x00, 0x00, 0x00, 0x00, 0x00, 0x00, 0x00, 0x00, 0x00, 0x00, 0x00, 0x00, 0x00, 0x00, 0x00,
    0x00, 0x00, 0x00, 0x00, 0x00, 0x00, 0x00, 0x00, 0x00, 0x00, 0x00, 0x00, 0x00, 0x00, 0x00, 0x00,
    0x00, 0x00, 0x00, 0x00, 0x00, 0x00, 0x00, 0x00, 0x00, 0x00, 0x00, 0x00, 0x00, 0x00, 0x00, 0x00,
    0x00, 0x00, 0x00, 0x00, 0x00, 0x00, 0x00, 0x00, 0x00, 0x00, 0x00, 0x00, 0x00, 0x00, 0x00, 0x00,
    0x00, 0x00, 0x00, 0x00, 0x00, 0x00, 0x00, 0x00, 0x00, 0x00, 0x00, 0x00, 0x00, 0x00, 0x00, 0x00,
    0x00, 0x00, 0x00, 0x00, 0x00, 0x00, 0x00, 0x00, 0x00, 0x00, 0x00, 0x00, 0x00, 0x00, 0x00, 0x00,
    0x00, 0x00, 0x00, 0x00, 0x00, 0x00, 0x00, 0x00, 0x00, 0x00, 0x00, 0x00, 0x00, 0x00, 0x00, 0x00,
    0x00, 0x00, 0x00, 0x00, 0x00, 0x00, 0x00, 0x00, 0x00, 0x00, 0x00, 0x00, 0x00, 0x00, 0x00, 0x00,
    0x00, 0x00, 0x00, 0x00, 0x00, 0x00, 0x00, 0x00, 0x00, 0x00, 0x00, 0x00, 0x00, 0x00, 0x00, 0x00,
    0x00, 0x00, 0x00, 0x00, 0x00, 0x00, 0x00, 0x00, 0x00, 0x00, 0x00, 0x00, 0x00, 0x00, 0x00, 0x00,
    0x00, 0x00, 0x00, 0x00, 0x00, 0x00, 0x00, 0x00, 0x00, 0x00, 0x00, 0x00, 0x00, 0x00, 0x00, 0x00,
    0x00, 0x00, 0x00, 0x00, 0x00, 0x00, 0x00, 0x00, 0x00, 0x00, 0x00, 0x00, 0x00, 0x00, 0x00, 0x00,
    0x00, 0x00, 0x00, 0x00, 0x00, 0x00, 0x00, 0x00, 0x00, 0x00, 0x00, 0x00, 0x00, 0x00, 0x00, 0x00,
    0x00, 0x00, 0x00, 0x00, 0x00, 0x00, 0x00, 0x00, 0x00, 0x00, 0x00, 0x00, 0x00, 0x00, 0x00, 0x00,
    0x00, 0x00, 0x00, 0x00, 0x00, 0x00, 0x00, 0x00, 0x00, 0x00, 0x00, 0x00, 0x00, 0x00, 0x00, 0x00,
    0x00, 0x00, 0x00, 0x00, 0x00, 0x00, 0x00, 0x00, 0x00, 0x00, 0x00, 0x00, 0x00, 0x00, 0x00, 0x00,
    0x00, 0x00, 0x00, 0x00, 0x00, 0x00, 0x00, 0x00, 0x00, 0x00, 0x00, 0x00, 0x00, 0x00, 0x00, 0x00,
    0x00, 0x00, 0x00, 0x00, 0x00, 0x00, 0x00, 0x00, 0x00, 0x00, 0x00, 0x00, 0x00, 0x00, 0x00, 0x00,
    0x00, 0x00, 0x00, 0x00, 0x00, 0x00, 0x00, 0x00, 0x00, 0x00, 0x00, 0x00, 0x00, 0x00, 0x00, 0x00,
    0x00, 0x00, 0x00, 0x00, 0x00, 0x00, 0x00, 0x00, 0x00, 0x00, 0x00, 0x00, 0x00, 0x00, 0x00, 0x00,
    0x00, 0x00, 0x00, 0x00, 0x00, 0x00, 0x00, 0x00, 0x00, 0x00, 0x00, 0x00, 0x00, 0x00, 0x00, 0x00,
    0x00, 0x00, 0x00, 0x00, 0x00, 0x00, 0x00, 0x00, 0x00, 0x00, 0x00, 0x00, 0x00, 0x00, 0x00, 0x00,
    0x00, 0x00, 0x00, 0x00, 0x00, 0x00, 0x00, 0x00, 0x00, 0x00, 0x00, 0x00, 0x00, 0x00, 0x00, 0x00,
    0x00, 0x00, 0x00, 0x00, 0x00, 0x00, 0x00, 0x00, 0x00, 0x00, 0x00, 0x00, 0x00, 0x00, 0x00, 0x00,
    0x00, 0x00, 0x00, 0x00, 0x00, 0x00, 0x00, 0x00, 0x00, 0x00, 0x00, 0x00, 0x00, 0x00, 0x00, 0x00,
    0x00, 0x00, 0x00, 0x00, 0x00, 0x00, 0x00, 0x00, 0x00, 0x00, 0x00, 0x00, 0x00, 0x00, 0x00, 0x00,
    0x00, 0x00, 0x00, 0x00, 0x00, 0x00, 0x00, 0x00, 0x00, 0x00, 0x00, 0x00, 0x00, 0x00, 0x00, 0x00,
    0x00, 0x00, 0x00, 0x00, 0x00, 0x00, 0x00, 0x00, 0x00, 0x00, 0x00, 0x00, 0x00, 0x00, 0x00, 0x00,
    0x00, 0x00, 0x00, 0x00, 0x00, 0x00, 0x00, 0x00, 0x00, 0x00, 0x00, 0x00, 0x00, 0x00, 0x00, 0x00,
    0x00, 0x00, 0x00, 0x00, 0x00, 0x00, 0x00, 0x00, 0x00, 0x00, 0x00, 0x00, 0x00, 0x00, 0x00, 0x00,
    0x00, 0x00, 0x00, 0x00, 0x00, 0x00, 0x00, 0x00, 0x00, 0x00, 0x00, 0x00, 0x00, 0x00, 0x00, 0x00,
    0x00, 0x00, 0x00, 0x00, 0x00, 0x00, 0x00, 0x00, 0x00, 0x00, 0x00, 0x00, 0x00, 0x00, 0x00, 0x00,
    0x00, 0x00, 0x00, 0x00, 0x00, 0x00, 0x00, 0x00, 0x00, 0x00, 0x00, 0x00, 0x00, 0x00, 0x00, 0x00,
    0x00, 0x00, 0x00, 0x00, 0x00, 0x00, 0x00, 0x00, 0x00, 0x00, 0x00, 0x00, 0x00, 0x00, 0x00, 0x00,
    0x00, 0x00, 0x00, 0x00, 0x00, 0x00, 0x00, 0x00, 0x00, 0x00, 0x00, 0x00, 0x00, 0x00, 0x00, 0x00,
    0x00, 0x00, 0x00, 0x00, 0x00, 0x00, 0x00, 0x00, 0x00, 0x00, 0x00, 0x00, 0x00, 0x00, 0x00, 0x00,
    0x00, 0x00, 0x00, 0x00, 0x00, 0x00, 0x00, 0x00, 0x00, 0x00, 0x00, 0x00, 0x00, 0x00, 0x00, 0x00,
    0x00, 0x00, 0x00, 0x00, 0x00, 0x00, 0x00, 0x00, 0x00, 0x00, 0x00, 0x00, 0x00, 0x00, 0x00, 0x00,
    0x00, 0x00, 0x00, 0x00, 0x00, 0x00, 0x00, 0x00, 0x00, 0x00, 0x00, 0x00, 0x00, 0x00, 0x00, 0x00,
    0x00, 0x00, 0x00, 0x00, 0x00, 0x00, 0x00, 0x00, 0x00, 0x00, 0x00, 0x00, 0x00, 0x00, 0x00, 0x00,
    0x00, 0x00, 0x00, 0x00, 0x00, 0x00, 0x00, 0x00, 0x00, 0x00, 0x00, 0x00, 0x00, 0x00, 0x00, 0x00,
    0x00, 0x00, 0x00, 0x00, 0x00, 0x00, 0x00, 0x00, 0x00, 0x00, 0x00, 0x00, 0x00, 0x00, 0x00, 0x00,
    0x00, 0x00, 0x00, 0x00, 0x00, 0x00, 0x00, 0x00, 0x00, 0x00, 0x00, 0x00, 0x00, 0x00, 0x00, 0x00,
    0x00, 0x00, 0x00, 0x00, 0x00, 0x00, 0x00, 0x00, 0x00, 0x00, 0x00, 0x00, 0x00, 0x00, 0x00, 0x00,
    0x00, 0x00, 0x00, 0x00, 0x00, 0x00, 0x00, 0x00, 0x00, 0x00, 0x00, 0x00, 0x00, 0x00, 0x00, 0x00,
    0x00, 0x00, 0x00, 0x00, 0x00, 0x00, 0x00, 0x00, 0x00, 0x00, 0x00, 0x00, 0x00, 0x00, 0x00, 0x00,
    0x00, 0x00, 0x00, 0x00, 0x00, 0x00, 0x00, 0x00, 0x00, 0x00, 0x00, 0x00, 0x00, 0x00, 0x00, 0x00,
    0x00, 0x00, 0x00, 0x00, 0x00, 0x00, 0x00, 0x00, 0x00, 0x00, 0x00, 0x00, 0x00, 0x00, 0x00, 0x00,
    0x00, 0x00, 0x00, 0x00, 0x00, 0x00, 0x00, 0x00, 0x00, 0x00, 0x00, 0x00, 0x00, 0x00, 0x00, 0x00,
    0x00, 0x00, 0x00, 0x00, 0x00, 0x00, 0x00, 0x00, 0x00, 0x00, 0x00, 0x00, 0x00, 0x00, 0x00, 0x00,
    0x00, 0x00, 0x00, 0x00, 0x00, 0x00, 0x00, 0x00, 0x00, 0x00, 0x00, 0x00, 0x00, 0x00, 0x00, 0x00,
    0x00, 0x00, 0x00, 0x00, 0x00, 0x00, 0x00, 0x00, 0x00, 0x00, 0x00, 0x00, 0x00, 0x00, 0x00, 0x00,
    0x00, 0x00, 0x00, 0x00, 0x00, 0x00, 0x00, 0x00, 0x00, 0x00, 0x00, 0x00, 0x00, 0x00, 0x00, 0x00,
    0x00, 0x00, 0x00, 0x00, 0x00, 0x00, 0x00, 0x00, 0x00, 0x00, 0x00, 0x00, 0x00, 0x00, 0x00, 0x00,
    0x00, 0x00, 0x00, 0x00, 0x00, 0x00, 0x00, 0x00, 0x00, 0x00, 0x00, 0x00, 0x00, 0x00, 0x00, 0x00,
    0x00, 0x00, 0x00, 0x00, 0x00, 0x00, 0x00, 0x00, 0x00, 0x00, 0x00, 0x00, 0x00, 0x00, 0x00, 0x00,
    0x00, 0x00, 0x00, 0x00, 0x00, 0x00, 0x00, 0x00, 0x00, 0x00, 0x00, 0x00, 0x00, 0x00, 0x00, 0x00,
    0x00, 0x00, 0x00, 0x00, 0x00, 0x00, 0x00, 0x00, 0x00, 0x00, 0x00, 0x00, 0x00, 0x00, 0x00, 0x00,
    0x00, 0x00, 0x00, 0x00, 0x00, 0x00, 0x00, 0x00, 0x00, 0x00, 0x00, 0x00, 0x00, 0x00, 0x00, 0x00,
    0x00, 0x00, 0x00, 0x00, 0x00, 0x00, 0x00, 0x00, 0x00, 0x00, 0x00, 0x00, 0x00, 0x00, 0x00, 0x00,
    0x00, 0x00, 0x00, 0x00, 0x00, 0x00, 0x00, 0x00, 0x00, 0x00, 0x00, 0x00, 0x00, 0x00, 0x00, 0x00,
    0x00, 0x00, 0x00, 0x00, 0x00, 0x00, 0x00, 0x00, 0x00, 0x00, 0x00, 0x00, 0x00, 0x00, 0x00, 0x00,
    0x00, 0x00, 0x00, 0x00, 0x00, 0x00, 0x00, 0x00, 0x00, 0x00, 0x00, 0x00, 0x00, 0x00, 0x00, 0x00,
    0x00, 0x00, 0x00, 0x00, 0x00, 0x00, 0x00, 0x00, 0x00, 0x00, 0x00, 0x00, 0x00, 0x00, 0x00, 0x00,
    0x00, 0x00, 0x00, 0x00, 0x00, 0x00, 0x00, 0x00, 0x00, 0x00, 0x00, 0x00, 0x00, 0x00, 0x00, 0x00,
    0x00, 0x00, 0x00, 0x00, 0x00, 0x00, 0x00, 0x00, 0x00, 0x00, 0x00, 0x00, 0x00, 0x00, 0x00, 0x00,
    0x00, 0x00, 0x00, 0x00, 0x00, 0x00, 0x00, 0x00, 0x00, 0x00, 0x00, 0x00, 0x00, 0x00, 0x00, 0x00,
    0x00, 0x00, 0x00, 0x00, 0x00, 0x00, 0x00, 0x00, 0x00, 0x00, 0x00, 0x00, 0x00, 0x00, 0x00, 0x00,
    0x00, 0x00, 0x00, 0x00, 0x00, 0x00, 0x00, 0x00, 0x00, 0x00, 0x00, 0x00, 0x00, 0x00, 0x00, 0x00,
    0x00, 0x00, 0x00, 0x00, 0x00, 0x00, 0x00, 0x00, 0x00, 0x00, 0x00, 0x00, 0x00, 0x00, 0x00, 0x00,
    0x00, 0x00, 0x00, 0x00, 0x00, 0x00, 0x00, 0x00, 0x00, 0x00, 0x00, 0x00, 0x00, 0x00, 0x00, 0x00,
    0x00, 0x00, 0x00, 0x00, 0x00, 0x00, 0x00, 0x00, 0x00, 0x00, 0x00, 0x00, 0x00, 0x00, 0x00, 0x00,
    0x00, 0x00, 0x00, 0x00, 0x00, 0x00, 0x00, 0x00, 0x00, 0x00, 0x00, 0x00, 0x00, 0x00, 0x00, 0x00,
    0x00, 0x00, 0x00, 0x00, 0x00, 0x00, 0x00, 0x00, 0x00, 0x00, 0x00, 0x00, 0x00, 0x00, 0x00, 0x00,
    0x00, 0x00, 0x00, 0x00, 0x00, 0x00, 0x00, 0x00, 0x00, 0x00, 0x00, 0x00, 0x00, 0x00, 0x00, 0x00,
    0x00, 0x00, 0x00, 0x00, 0x00, 0x00, 0x00, 0x00, 0x00, 0x00, 0x00, 0x00, 0x00, 0x00, 0x00, 0x00,
    0x00, 0x00, 0x00, 0x00, 0x00, 0x00, 0x00, 0x00, 0x00, 0x00, 0x00, 0x00, 0x00, 0x00, 0x00, 0x00,
    0x00, 0x00, 0x00, 0x00, 0x00, 0x00, 0x00, 0x00, 0x00, 0x00, 0x00, 0x00, 0x00, 0x00, 0x00, 0x00,
    0x00, 0x00, 0x00, 0x00, 0x00, 0x00, 0x00, 0x00, 0x00, 0x00, 0x00, 0x00, 0x00, 0x00, 0x00, 0x00,
    0x49, 0x89, 0xf1, 0x48, 0x8b, 0x77, 0x18, 0x48, 0x85, 0xf6, 0x0f, 0x84, 0x70, 0x01, 0x00, 0x00,
    0x49, 0x89, 0xfa, 0x48, 0x8b, 0x7f, 0x08, 0x48, 0x85, 0xff, 0x0f, 0x84, 0x60, 0x01, 0x00, 0x00,
    0x41, 0x55, 0x31, 0xc0, 0x41, 0x54, 0x55, 0x53, 0x49, 0x8b, 0x5a, 0x10, 0x48, 0x85, 0xdb, 0x0f,
    0x84, 0x21, 0x01, 0x00, 0x00, 0x8b, 0x0e, 0x45, 0x0f, 0xb6, 0x19, 0x44, 0x8d, 0x41, 0x02, 0x45,
    0x84, 0xdb, 0x0f, 0x84, 0x40, 0x01, 0x00, 0x00, 0x44, 0x89, 0xda, 0x4c, 0x89, 0xcd, 0x66, 0x66,
    0x2e, 0x0f, 0x1f, 0x84, 0x00, 0x00, 0x00, 0x00, 0x00, 0x66, 0x66, 0x2e, 0x0f, 0x1f, 0x84, 0x00,
    0x00, 0x00, 0x00, 0x00, 0x66, 0x66, 0x2e, 0x0f, 0x1f, 0x84, 0x00, 0x00, 0x00, 0x00, 0x00, 0x66,
    0x66, 0x2e, 0x0f, 0x1f, 0x84, 0x00, 0x00, 0x00, 0x00, 0x00, 0x66, 0x0f, 0x1f, 0x44, 0x00, 0x00,
    0xc1, 0xe0, 0x04, 0x0f, 0xb6, 0xd2, 0x48, 0x83, 0xc5, 0x01, 0x01, 0xc2, 0x89, 0xd0, 0x25, 0x00,
    0x00, 0x00, 0xf0, 0x41, 0x89, 0xc4, 0x41, 0xc1, 0xec, 0x18, 0x41, 0x31, 0xd4, 0x85, 0xc0, 0xf7,
    0xd0, 0x41, 0x0f, 0x45, 0xd4, 0x21, 0xd0, 0x0f, 0xb6, 0x55, 0x00, 0x84, 0xd2, 0x75, 0xd1, 0x31,
    0xd2, 0xf7, 0xf1, 0x48, 0x8d, 0x04, 0x95, 0x08, 0x00, 0x00, 0x00, 0x8b, 0x04, 0x06, 0x85, 0xc0,
    0x75, 0x2c, 0xe9, 0xa9, 0x00, 0x00, 0x00, 0x66, 0x66, 0x2e, 0x0f, 0x1f, 0x84, 0x00, 0x00, 0x00,
    0x00, 0x00, 0x66, 0x66, 0x2e, 0x0f, 0x1f, 0x84, 0x00, 0x00, 0x00, 0x00, 0x00, 0x0f, 0x1f, 0x00,
    0x4c, 0x01, 0xc0, 0x8b, 0x04, 0x86, 0x85, 0xc0, 0x0f, 0x84, 0x82, 0x00, 0x00, 0x00, 0x48, 0x8d,
    0x14, 0x40, 0x4c, 0x8d, 0x2c, 0xd7, 0x66, 0x41, 0x83, 0x7d, 0x06, 0x00, 0x74, 0xe2, 0x41, 0x0f,
    0xb6, 0x55, 0x04, 0xc0, 0xea, 0x04, 0x83, 0xea, 0x01, 0x80, 0xfa, 0x01, 0x77, 0xd2, 0x41, 0x8b,
    0x55, 0x00, 0x44, 0x89, 0xdd, 0x4d, 0x89, 0xcc, 0x48, 0x01, 0xda, 0x45, 0x84, 0xdb, 0x75, 0x23,
    0xeb, 0x61, 0x66, 0x0f, 0x1f, 0x44, 0x00, 0x00, 0x40, 0x38, 0xe9, 0x75, 0x1d, 0x41, 0x0f, 0xb6,
    0x6c, 0x24, 0x01, 0x49, 0x83, 0xc4, 0x01, 0x48, 0x8d, 0x4a, 0x01, 0x40, 0x84, 0xed, 0x74, 0x20,
    0x48, 0x89, 0xca, 0x0f, 0xb6, 0x0a, 0x84, 0xc9, 0x75, 0xde, 0x40, 0x38, 0xcd, 0x75, 0x91, 0x49,
    0x8b, 0x45, 0x08, 0x49, 0x03, 0x02, 0x5b, 0x5d, 0x41, 0x5c, 0x41, 0x5d, 0xc3, 0x0f, 0x1f, 0x00,
    0x0f, 0xb6, 0x4a, 0x01, 0x40, 0x38, 0xcd, 0x0f, 0x85, 0x73, 0xff, 0xff, 0xff, 0xeb, 0xe0, 0x90,
    0x5b, 0x31, 0xc0, 0x5d, 0x41, 0x5c, 0x41, 0x5d, 0xc3, 0x0f, 0x1f, 0x80, 0x00, 0x00, 0x00, 0x00,
    0x31, 0xc0, 0xc3, 0x0f, 0xb6, 0x0a, 0xeb, 0xc2, 0xb8, 0x08, 0x00, 0x00, 0x00, 0xe9, 0x29, 0xff,
    0xff, 0xff, 0x66, 0x66, 0x2e, 0x0f, 0x1f, 0x84, 0x00, 0x00, 0x00, 0x00, 0x00, 0x0f, 0x1f, 0x00,
    0x49, 0x89, 0xf8, 0xb8, 0x01, 0x00, 0x00, 0x00, 0x48, 0x8d, 0x0d, 0xcb, 0x27, 0x00, 0x00, 0x90,
    0x48, 0x89, 0xc2, 0x48, 0x83, 0xc0, 0x01, 0x80, 0x3c, 0x01, 0x00, 0x75, 0xf3, 0xb8, 0x01, 0x00,
    0x00, 0x00, 0x48, 0x63, 0xd2, 0x48, 0x8d, 0x35, 0xaf, 0x27, 0x00, 0x00, 0x48, 0x89, 0xc7, 0x0f,
    0x05, 0x41, 0x80, 0x38, 0x00, 0x74, 0x43, 0xb8, 0x01, 0x00, 0x00, 0x00, 0x0f, 0x1f, 0x40, 0x00,
    0x48, 0x89, 0xc2, 0x48, 0x83, 0xc0, 0x01, 0x41, 0x80, 0x7c, 0x00, 0xff, 0x00, 0x75, 0xf1, 0xbf,
    0x01, 0x00, 0x00, 0x00, 0x48, 0x63, 0xd2, 0x4c, 0x89, 0xc6, 0x48, 0x89, 0xf8, 0x0f, 0x05, 0x48,
    0x8d, 0x35, 0x87, 0x27, 0x00, 0x00, 0x48, 0x89, 0xf8, 0x48, 0x89, 0xfa, 0x0f, 0x05, 0xb8, 0xe7,
    0x00, 0x00, 0x00, 0xbf, 0x7f, 0x00, 0x00, 0x00, 0x0f, 0x05, 0x31, 0xd2, 0xeb, 0xd1, 0x66, 0x90,
    0x48, 0x85, 0xff, 0x0f, 0x84, 0xa7, 0x00, 0x00, 0x00, 0x48, 0x83, 0xec, 0x48, 0x31, 0xd2, 0x48,
    0x8d, 0x35, 0x5b, 0x27, 0x00, 0x00, 0x48, 0x89, 0xe0, 0x0f, 0x1f, 0x80, 0x00, 0x00, 0x00, 0x00,
    0x48, 0x89, 0xf9, 0x83, 0xe1, 0x0f, 0x48, 0xc1, 0xef, 0x04, 0x0f, 0xb6, 0x0c, 0x0e, 0x88, 0x0c,
    0x10, 0x48, 0x89, 0xd1, 0x48, 0x8d, 0x52, 0x01, 0x75, 0xe6, 0x48, 0x63, 0xf9, 0x48, 0x8d, 0x74,
    0x24, 0x20, 0x4c, 0x8d, 0x44, 0x3c, 0xff, 0x48, 0x01, 0xf8, 0x48, 0x89, 0xf2, 0x49, 0x29, 0xc8,
    0x66, 0x66, 0x2e, 0x0f, 0x1f, 0x84, 0x00, 0x00, 0x00, 0x00, 0x00, 0x0f, 0x1f, 0x44, 0x00, 0x00,
    0x0f, 0xb6, 0x38, 0x48, 0x83, 0xe8, 0x01, 0x48, 0x83, 0xc2, 0x01, 0x40, 0x88, 0x7a, 0xff, 0x4c,
    0x39, 0xc0, 0x75, 0xec, 0x83, 0xc1, 0x01, 0x80, 0x7c, 0x24, 0x20, 0x00, 0x48, 0x63, 0xc9, 0xc6,
    0x44, 0x0c, 0x20, 0x00, 0x74, 0x42, 0xb8, 0x01, 0x00, 0x00, 0x00, 0x48, 0x8d, 0x4c, 0x24, 0x1f,
    0x48, 0x89, 0xc2, 0x48, 0x83, 0xc0, 0x01, 0x80, 0x3c, 0x01, 0x00, 0x75, 0xf3, 0x48, 0x63, 0xd2,
    0xb8, 0x01, 0x00, 0x00, 0x00, 0x48, 0x89, 0xc7, 0x0f, 0x05, 0x48, 0x83, 0xc4, 0x48, 0xc3, 0x90,
    0xbf, 0x01, 0x00, 0x00, 0x00, 0x48, 0x8d, 0x35, 0xb3, 0x26, 0x00, 0x00, 0x48, 0x89, 0xf8, 0x48,
    0x89, 0xfa, 0x0f, 0x05, 0xc3, 0x0f, 0x1f, 0x00, 0x31, 0xd2, 0xeb, 0xd4, 0x0f, 0x1f, 0x40, 0x00,
    0x48, 0x85, 0xf6, 0x0f, 0x84, 0xac, 0x02, 0x00, 0x00, 0x41, 0x57, 0x4d, 0x89, 0xcb, 0x48, 0x8d,
    0x04, 0x76, 0x41, 0x56, 0x41, 0xbe, 0x01, 0x00, 0x00, 0x00, 0x41, 0x55, 0x49, 0x89, 0xd5, 0x41,
    0x54, 0x4c, 0x8d, 0x25, 0xa0, 0x26, 0x00, 0x00, 0x55, 0x53, 0x48, 0x89, 0xfb, 0x4c, 0x8d, 0x0c,
    0xc3, 0x48, 0x83, 0xec, 0x48, 0x48, 0x85, 0xc9, 0x40, 0x0f, 0x94, 0xc7, 0x4d, 0x85, 0xc0, 0x48,
    0x89, 0x4c, 0x24, 0x08, 0x0f, 0x94, 0xc2, 0x4c, 0x89, 0x44, 0x24, 0x10, 0x09, 0xd7, 0x4c, 0x89,
    0x5c, 0x24, 0x18, 0x40, 0x88, 0x7c, 0x24, 0x07, 0x0f, 0x1f, 0x84, 0x00, 0x00, 0x00, 0x00, 0x00,
    0x4c, 0x8b, 0x03, 0x48, 0x8b, 0x6b, 0x08, 0x4d, 0x01, 0xe8, 0x83, 0xfd, 0x07, 0x77, 0x79, 0x83,
    0xfd, 0x05, 0x0f, 0x87, 0x88, 0x00, 0x00, 0x00, 0x85, 0xed, 0x74, 0x4d, 0x83, 0xfd, 0x01, 0x74,
    0x7f, 0xb8, 0x01, 0x00, 0x00, 0x00, 0x66, 0x2e, 0x0f, 0x1f, 0x84, 0x00, 0x00, 0x00, 0x00, 0x00,
    0x48, 0x89, 0xc2, 0x48, 0x83, 0xc0, 0x01, 0x41, 0x80, 0x3c, 0x04, 0x00, 0x75, 0xf2, 0x48, 0x63,
    0xd2, 0x4c, 0x89, 0xf0, 0x48, 0x8d, 0x35, 0x1e, 0x26, 0x00, 0x00, 0x4c, 0x89, 0xf7, 0x0f, 0x05,
    0x89, 0xef, 0xe8, 0x79, 0xfe, 0xff, 0xff, 0x4c, 0x89, 0xf0, 0x4c, 0x89, 0xf7, 0x4c, 0x89, 0xf2,
    0x48, 0x8d, 0x35, 0xd6, 0x25, 0x00, 0x00, 0x0f, 0x05, 0x48, 0x83, 0xc3, 0x18, 0x4c, 0x39, 0xcb,
    0x75, 0x8e, 0x48, 0x83, 0xc4, 0x48, 0x5b, 0x5d, 0x41, 0x5c, 0x41, 0x5d, 0x41, 0x5e, 0x41, 0x5f,
    0xc3, 0x0f, 0x1f, 0x80, 0x00, 0x00, 0x00, 0x00, 0x83, 0xfd, 0x08, 0x75, 0x94, 0x48, 0x8b, 0x43,
    0x10, 0x4c, 0x01, 0xe8, 0x49, 0x89, 0x00, 0xeb, 0xd0, 0x0f, 0x1f, 0x80, 0x00, 0x00, 0x00, 0x00,
    0x80, 0x7c, 0x24, 0x07, 0x00, 0x0f, 0x85, 0xe5, 0x00, 0x00, 0x00, 0x48, 0x89, 0xe8, 0x48, 0x8b,
    0x4c, 0x24, 0x08, 0x48, 0xc1, 0xe8, 0x20, 0x48, 0x8d, 0x04, 0x40, 0x48, 0x8d, 0x14, 0xc1, 0x66,
    0x83, 0x7a, 0x06, 0x00, 0x0f, 0x85, 0xa6, 0x00, 0x00, 0x00, 0x48, 0x8b, 0x44, 0x24, 0x10, 0x44,
    0x8b, 0x12, 0x49, 0x01, 0xc2, 0x8b, 0x84, 0x24, 0x80, 0x00, 0x00, 0x00, 0x85, 0xc0, 0x0f, 0x84,
    0xf9, 0x00, 0x00, 0x00, 0x48, 0x63, 0x84, 0x24, 0x80, 0x00, 0x00, 0x00, 0x48, 0x8b, 0x4c, 0x24,
    0x18, 0x48, 0x89, 0x6c, 0x24, 0x20, 0x4d, 0x89, 0xd7, 0x48, 0x89, 0x5c, 0x24, 0x28, 0x48, 0xc1,
    0xe0, 0x05, 0x4c, 0x89, 0x44, 0x24, 0x30, 0x48, 0x89, 0xcd, 0x48, 0x01, 0xc8, 0x4c, 0x89, 0x4c,
    0x24, 0x38, 0x48, 0x89, 0xc3, 0xeb, 0x16, 0x66, 0x0f, 0x1f, 0x84, 0x00, 0x00, 0x00, 0x00, 0x00,
    0x48, 0x83, 0xc5, 0x20, 0x48, 0x39, 0xeb, 0x0f, 0x84, 0x99, 0x00, 0x00, 0x00, 0x4c, 0x89, 0xfe,
    0x48, 0x89, 0xef, 0xe8, 0x78, 0xfb, 0xff, 0xff, 0x48, 0x85, 0xc0, 0x74, 0xe3, 0x48, 0x8b, 0x6c,
    0x24, 0x20, 0x48, 0x8b, 0x5c, 0x24, 0x28, 0x4c, 0x8b, 0x44, 0x24, 0x30, 0x4c, 0x8b, 0x4c, 0x24,
    0x38, 0x83, 0xfd, 0x01, 0x75, 0x2c, 0x66, 0x2e, 0x0f, 0x1f, 0x84, 0x00, 0x00, 0x00, 0x00, 0x00,
    0x48, 0x03, 0x43, 0x10, 0x49, 0x89, 0x00, 0xe9, 0xfd, 0xfe, 0xff, 0xff, 0x0f, 0x1f, 0x40, 0x00,
    0x4c, 0x89, 0xe8, 0x48, 0x03, 0x42, 0x08, 0x0f, 0x84, 0x4d, 0xff, 0xff, 0xff, 0x83, 0xfd, 0x01,
    0x74, 0xde, 0x49, 0x89, 0x00, 0xe9, 0xdf, 0xfe, 0xff, 0xff, 0x66, 0x0f, 0x1f, 0x44, 0x00, 0x00,
    0xb8, 0x01, 0x00, 0x00, 0x00, 0x48, 0x8d, 0x0d, 0x7b, 0x26, 0x00, 0x00, 0x0f, 0x1f, 0x40, 0x00,
    0x48, 0x89, 0xc2, 0x48, 0x83, 0xc0, 0x01, 0x80, 0x3c, 0x01, 0x00, 0x75, 0xf3, 0xb8, 0x01, 0x00,
    0x00, 0x00, 0x48, 0x63, 0xd2, 0x48, 0x8d, 0x35, 0x5c, 0x26, 0x00, 0x00, 0x48, 0x89, 0xc7, 0x0f,
    0x05, 0xe9, 0xa3, 0xfe, 0xff, 0xff, 0x48, 0x8b, 0x6c, 0x24, 0x20, 0x48, 0x8b, 0x5c, 0x24, 0x28,
    0x4d, 0x89, 0xfa, 0x4c, 0x8b, 0x44, 0x24, 0x30, 0x4c, 0x8b, 0x4c, 0x24, 0x38, 0xb8, 0x01, 0x00,
    0x00, 0x00, 0x48, 0x8d, 0x15, 0x68, 0x24, 0x00, 0x00, 0x48, 0x89, 0xc1, 0x48, 0x83, 0xc0, 0x01,
    0x80, 0x3c, 0x02, 0x00, 0x75, 0xf3, 0xb8, 0x01, 0x00, 0x00, 0x00, 0x48, 0x63, 0xd1, 0x48, 0x8d,
    0x35, 0x4d, 0x24, 0x00, 0x00, 0x48, 0x89, 0xc7, 0x0f, 0x05, 0x41, 0x80, 0x3a, 0x00, 0x74, 0x46,
    0xb8, 0x01, 0x00, 0x00, 0x00, 0x66, 0x66, 0x2e, 0x0f, 0x1f, 0x84, 0x00, 0x00, 0x00, 0x00, 0x00,
    0x48, 0x89, 0xc2, 0x48, 0x83, 0xc0, 0x01, 0x41, 0x80, 0x7c, 0x02, 0xff, 0x00, 0x75, 0xf1, 0x48,
    0x63, 0xd2, 0xbf, 0x01, 0x00, 0x00, 0x00, 0x4c, 0x89, 0xd6, 0x48, 0x89, 0xf8, 0x0f, 0x05, 0x48,
    0x8d, 0x35, 0xf7, 0x23, 0x00, 0x00, 0x48, 0x89, 0xf8, 0x48, 0x89, 0xfa, 0x0f, 0x05, 0x31, 0xc0,
    0xe9, 0x28, 0xff, 0xff, 0xff, 0xc3, 0x31, 0xd2, 0xeb, 0xd8, 0x66, 0x0f, 0x1f, 0x44, 0x00, 0x00,
    0x66, 0x0f, 0xef, 0xc0, 0x48, 0x89, 0x32, 0x49, 0x89, 0xf2, 0x0f, 0x11, 0x42, 0x08, 0x48, 0x8b,
    0x07, 0x48, 0xc7, 0x42, 0x18, 0x00, 0x00, 0x00, 0x00, 0x48, 0x85, 0xc0, 0x0f, 0x84, 0xd4, 0x00,
    0x00, 0x00, 0x48, 0x89, 0xd6, 0x49, 0x89, 0xcb, 0x53, 0x48, 0x89, 0xfa, 0x48, 0x89, 0xc1, 0xeb,
    0x30, 0x66, 0x66, 0x2e, 0x0f, 0x1f, 0x84, 0x00, 0x00, 0x00, 0x00, 0x00, 0x66, 0x66, 0x2e, 0x0f,
    0x1f, 0x84, 0x00, 0x00, 0x00, 0x00, 0x00, 0x66, 0x0f, 0x1f, 0x84, 0x00, 0x00, 0x00, 0x00, 0x00,
    0x48, 0x8b, 0x4a, 0x10, 0x48, 0x83, 0xc2, 0x10, 0x48, 0x85, 0xc9, 0x0f, 0x84, 0x7c, 0x00, 0x00,
    0x00, 0x48, 0x83, 0xf9, 0x05, 0x75, 0xe9, 0x48, 0x8b, 0x5a, 0x08, 0x4c, 0x01, 0xd3, 0x48, 0x89,
    0x5e, 0x10, 0x48, 0x83, 0xf8, 0x04, 0x75, 0x6b, 0x0f, 0x1f, 0x84, 0x00, 0x00, 0x00, 0x00, 0x00,
    0x48, 0x8b, 0x47, 0x08, 0x48, 0x83, 0xc7, 0x10, 0x4c, 0x01, 0xd0, 0x48, 0x89, 0x46, 0x18, 0x48,
    0x8b, 0x07, 0x48, 0x85, 0xc0, 0x75, 0x46, 0x5b, 0xc3, 0x0f, 0x1f, 0x80, 0x00, 0x00, 0x00, 0x00,
    0x48, 0x83, 0xf8, 0x01, 0x75, 0x2a, 0x48, 0x8b, 0x46, 0x10, 0x48, 0x85, 0xc0, 0x74, 0x21, 0x49,
    0x63, 0x10, 0x44, 0x39, 0xca, 0x7d, 0x19, 0x48, 0x8b, 0x4f, 0x08, 0x8d, 0x5a, 0x01, 0x41, 0x89,
    0x18, 0x48, 0x01, 0xc8, 0x49, 0x89, 0x04, 0xd3, 0x0f, 0x1f, 0x84, 0x00, 0x00, 0x00, 0x00, 0x00,
    0x48, 0x8b, 0x47, 0x10, 0x48, 0x83, 0xc7, 0x10, 0x48, 0x85, 0xc0, 0x74, 0xba, 0x48, 0x83, 0xf8,
    0x04, 0x74, 0x9d, 0x48, 0x83, 0xf8, 0x06, 0x75, 0xb7, 0x48, 0x8b, 0x47, 0x08, 0x4c, 0x01, 0xd0,
    0x48, 0x89, 0x46, 0x08, 0xeb, 0xda, 0xc3, 0x66, 0x0f, 0x1f, 0x84, 0x00, 0x00, 0x00, 0x00, 0x00,
    0x41, 0x57, 0x48, 0x89, 0xf8, 0x48, 0x8d, 0x15, 0x04, 0x2a, 0x00, 0x00, 0x41, 0x56, 0x41, 0x55,
    0x41, 0x54, 0x45, 0x31, 0xe4, 0x55, 0x53, 0x48, 0x81, 0xec, 0x68, 0x03, 0x00, 0x00, 0x48, 0x85,
    0xff, 0x0f, 0x84, 0x99, 0x06, 0x00, 0x00, 0x66, 0x0f, 0x1f, 0x84, 0x00, 0x00, 0x00, 0x00, 0x00,
    0x44, 0x8b, 0x2a, 0x45, 0x85, 0xed, 0x74, 0x70, 0x41, 0x83, 0xc4, 0x01, 0x48, 0x83, 0xc2, 0x68,
    0x41, 0x83, 0xfc, 0x10, 0x75, 0xea, 0x31, 0xc0, 0x48, 0x8d, 0x15, 0xb9, 0x24, 0x00, 0x00, 0x48,
    0x83, 0xc0, 0x01, 0x80, 0x3c, 0x02, 0x00, 0x75, 0xf6, 0xb9, 0x7f, 0x00, 0x00, 0x00, 0x48, 0x8d,
    0x35, 0xa3, 0x24, 0x00, 0x00, 0x48, 0x39, 0xc8, 0x48, 0x0f, 0x47, 0xc1, 0x48, 0x8d, 0x0d, 0xbd,
    0x28, 0x00, 0x00, 0x48, 0x89, 0xcf, 0x48, 0x01, 0xc2, 0x0f, 0x1f, 0x80, 0x00, 0x00, 0x00, 0x00,
    0xa4, 0x48, 0x39, 0xf2, 0x75, 0xfa, 0x66, 0x2e, 0x0f, 0x1f, 0x84, 0x00, 0x00, 0x00, 0x00, 0x00,
    0xc6, 0x04, 0x01, 0x00, 0xc7, 0x05, 0x72, 0x28, 0x00, 0x00, 0x01, 0x00, 0x00, 0x00, 0x31, 0xc0,
    0xe9, 0x85, 0x05, 0x00, 0x00, 0x0f, 0x1f, 0x00, 0x0f, 0xb6, 0x10, 0x48, 0x89, 0xc1, 0x84, 0xd2,
    0x75, 0x2e, 0xe9, 0x74, 0x0b, 0x00, 0x00, 0x66, 0x66, 0x2e, 0x0f, 0x1f, 0x84, 0x00, 0x00, 0x00,
    0x00, 0x00, 0x66, 0x66, 0x2e, 0x0f, 0x1f, 0x84, 0x00, 0x00, 0x00, 0x00, 0x00, 0x0f, 0x1f, 0x00,
    0x0f, 0xb6, 0x51, 0x01, 0x48, 0x83, 0xc1, 0x01, 0x84, 0xd2, 0x0f, 0x84, 0x60, 0x05, 0x00, 0x00,
    0x80, 0xfa, 0x2f, 0x75, 0xeb, 0x31, 0xd2, 0x66, 0x0f, 0x1f, 0x84, 0x00, 0x00, 0x00, 0x00, 0x00,
    0x48, 0x89, 0xd1, 0x48, 0x83, 0xc2, 0x01, 0x80, 0x3c, 0x10, 0x00, 0x75, 0xf3, 0x48, 0x81, 0xfa,
    0xff, 0x00, 0x00, 0x00, 0x0f, 0x87, 0x28, 0x0b, 0x00, 0x00, 0x4c, 0x8d, 0x44, 0x24, 0x20, 0x48,
    0x8d, 0x54, 0x08, 0x02, 0x48, 0x89, 0xc6, 0x4c, 0x89, 0xc7, 0x66, 0x0f, 0x1f, 0x44, 0x00, 0x00,
    0xa4, 0x48, 0x39, 0xf2, 0x75, 0xfa, 0x31, 0xf6, 0xb8, 0x02, 0x00, 0x00, 0x00, 0x4c, 0x89, 0xc7,
    0x48, 0x89, 0xf2, 0x0f, 0x05, 0x49, 0x89, 0xc6, 0x48, 0x85, 0xc0, 0x0f, 0x88, 0xea, 0x09, 0x00,
    0x00, 0x41, 0xba, 0x22, 0x00, 0x00, 0x00, 0x45, 0x31, 0xc9, 0xb8, 0x09, 0x00, 0x00, 0x00, 0x31,
    0xff, 0x49, 0xc7, 0xc0, 0xff, 0xff, 0xff, 0xff, 0xbe, 0x00, 0x00, 0x04, 0x00, 0xba, 0x03, 0x00,
    0x00, 0x00, 0x0f, 0x05, 0x31, 0xdb, 0x48, 0x89, 0xc5, 0x41, 0xb8, 0x00, 0x00, 0x04, 0x00, 0x4c,
    0x89, 0xf7, 0x48, 0x85, 0xc0, 0x0f, 0x88, 0x00, 0x0a, 0x00, 0x00, 0x0f, 0x1f, 0x44, 0x00, 0x00,
    0x4c, 0x89, 0xc2, 0x48, 0x8d, 0x74, 0x1d, 0x00, 0x4c, 0x89, 0xc8, 0x48, 0x29, 0xda, 0x0f, 0x05,
    0x48, 0x85, 0xc0, 0x7e, 0x0c, 0x48, 0x01, 0xc3, 0x48, 0x81, 0xfb, 0xff, 0xff, 0x03, 0x00, 0x76,
    0xdf, 0xb8, 0x03, 0x00, 0x00, 0x00, 0x0f, 0x05, 0x48, 0x83, 0xfb, 0x3f, 0x0f, 0x86, 0x19, 0x09,
    0x00, 0x00, 0x81, 0x7d, 0x00, 0x7f, 0x45, 0x4c, 0x46, 0x0f, 0x85, 0xa9, 0x08, 0x00, 0x00, 0x44,
    0x0f, 0xb7, 0x45, 0x38, 0x66, 0x45, 0x85, 0xc0, 0x0f, 0x84, 0xfd, 0x09, 0x00, 0x00, 0x48, 0x8b,
    0x45, 0x20, 0x44, 0x0f, 0xb7, 0x55, 0x36, 0x31, 0xd2, 0x31, 0xff, 0x49, 0xc7, 0xc6, 0xff, 0xff,
    0xff, 0xff, 0x4c, 0x8d, 0x4d, 0xc8, 0x48, 0x83, 0xc0, 0x38, 0xeb, 0x2e, 0x0f, 0x1f, 0x40, 0x00,
    0x49, 0x8d, 0x0c, 0x01, 0x83, 0x39, 0x01, 0x75, 0x16, 0x48, 0x8b, 0x71, 0x10, 0x49, 0x39, 0xf6,
    0x4c, 0x0f, 0x47, 0xf6, 0x48, 0x03, 0x71, 0x28, 0x48, 0x39, 0xf7, 0x48, 0x0f, 0x42, 0xfe, 0x83,
    0xc2, 0x01, 0x4c, 0x01, 0xd0, 0x44, 0x39, 0xc2, 0x74, 0x05, 0x48, 0x39, 0xc3, 0x73, 0xd1, 0x49,
    0x83, 0xfe, 0xff, 0x0f, 0x94, 0xc2, 0x48, 0x85, 0xff, 0x0f, 0x94, 0xc0, 0x08, 0xc2, 0x88, 0x54,
    0x24, 0x08, 0x0f, 0x85, 0x93, 0x09, 0x00, 0x00, 0x4c, 0x89, 0xf0, 0x41, 0xba, 0x22, 0x00, 0x00,
    0x00, 0x45, 0x31, 0xc9, 0x48, 0x81, 0xc7, 0xff, 0x0f, 0x00, 0x00, 0x48, 0x25, 0x00, 0xf0, 0xff,
    0xff, 0x48, 0x81, 0xe7, 0x00, 0xf0, 0xff, 0xff, 0xba, 0x03, 0x00, 0x00, 0x00, 0x49, 0xc7, 0xc0,
    0xff, 0xff, 0xff, 0xff, 0x48, 0x29, 0xc7, 0x48, 0x89, 0x44, 0x24, 0x10, 0xb8, 0x09, 0x00, 0x00,
    0x00, 0x48, 0x89, 0x7c, 0x24, 0x18, 0x48, 0x89, 0xfe, 0x31, 0xff, 0x0f, 0x05, 0x49, 0x89, 0xc6,
    0x48, 0x85, 0xc0, 0x0f, 0x88, 0x51, 0x0a, 0x00, 0x00, 0x49, 0x89, 0xc7, 0x48, 0x8b, 0x44, 0x24,
    0x10, 0x49, 0x29, 0xc7, 0x66, 0x83, 0x7d, 0x38, 0x00, 0x0f, 0x84, 0x5f, 0x01, 0x00, 0x00, 0x31,
    0xf6, 0xeb, 0x11, 0x0f, 0x1f, 0x44, 0x00, 0x00, 0x0f, 0xb7, 0x4d, 0x38, 0x48, 0x83, 0xc6, 0x01,
    0x39, 0xf1, 0x7e, 0x7c, 0x0f, 0xb7, 0x45, 0x36, 0x48, 0x0f, 0xaf, 0xc6, 0x48, 0x03, 0x45, 0x20,
    0x48, 0x8d, 0x50, 0x38, 0x48, 0x39, 0xd3, 0x0f, 0x82, 0x63, 0x07, 0x00, 0x00, 0x48, 0x01, 0xe8,
    0x83, 0x38, 0x01, 0x75, 0xd3, 0x4c, 0x8b, 0x40, 0x10, 0x48, 0x8b, 0x50, 0x20, 0x4d, 0x01, 0xf8,
    0x48, 0x85, 0xd2, 0x74, 0x11, 0x48, 0x8b, 0x78, 0x08, 0x48, 0x8d, 0x0c, 0x3a, 0x48, 0x39, 0xcb,
    0x0f, 0x83, 0xfa, 0x06, 0x00, 0x00, 0x48, 0x8b, 0x48, 0x28, 0x48, 0x39, 0xca, 0x73, 0xa9, 0x49,
    0x8d, 0x04, 0x10, 0x4a, 0x8d, 0x14, 0x01, 0x66, 0x0f, 0x1f, 0x84, 0x00, 0x00, 0x00, 0x00, 0x00,
    0x48, 0x89, 0xc1, 0x48, 0x83, 0xc0, 0x01, 0xc6, 0x01, 0x00, 0x48, 0x39, 0xc2, 0x75, 0xf1, 0x0f,
    0xb7, 0x4d, 0x38, 0x48, 0x83, 0xc6, 0x01, 0x39, 0xf1, 0x7f, 0x89, 0x0f, 0x1f, 0x44, 0x00, 0x00,
    0x85, 0xc9, 0x0f, 0x84, 0xc6, 0x00, 0x00, 0x00, 0x45, 0x31, 0xc0, 0x41, 0xb9, 0x0a, 0x00, 0x00,
    0x00, 0xeb, 0x73, 0x0f, 0x1f, 0x44, 0x00, 0x00, 0x48, 0x01, 0xe8, 0x83, 0x38, 0x01, 0x75, 0x59,
    0x8b, 0x48, 0x04, 0x89, 0xca, 0xc1, 0xea, 0x02, 0x83, 0xe2, 0x01, 0x41, 0x89, 0xd2, 0x41, 0x83,
    0xca, 0x02, 0xf6, 0xc1, 0x02, 0x44, 0x0f, 0x44, 0xd2, 0x48, 0x8b, 0x50, 0x10, 0x48, 0x8b, 0x40,
    0x28, 0x83, 0xe1, 0x01, 0x4c, 0x01, 0xfa, 0x48, 0x8d, 0xb4, 0x02, 0xff, 0x0f, 0x00, 0x00, 0x48,
    0x89, 0xd7, 0x4c, 0x89, 0xc8, 0x8d, 0x14, 0x8d, 0x00, 0x00, 0x00, 0x00, 0x48, 0x81, 0xe7, 0x00,
    0xf0, 0xff, 0xff, 0x48, 0x81, 0xe6, 0x00, 0xf0, 0xff, 0xff, 0x44, 0x09, 0xd2, 0x48, 0x29, 0xfe,
    0x48, 0x63, 0xd2, 0x0f, 0x05, 0x0f, 0xb7, 0x4d, 0x38, 0x49, 0x83, 0xc0, 0x01, 0x44, 0x39, 0xc1,
    0x0f, 0x8e, 0x8a, 0x06, 0x00, 0x00, 0x0f, 0xb7, 0x75, 0x36, 0x48, 0x8b, 0x55, 0x20, 0x48, 0x89,
    0xf0, 0x49, 0x0f, 0xaf, 0xc0, 0x48, 0x01, 0xd0, 0x48, 0x8d, 0x78, 0x38, 0x48, 0x39, 0xfb, 0x0f,
    0x83, 0x73, 0xff, 0xff, 0xff, 0x48, 0x8d, 0x42, 0x38, 0x48, 0x8d, 0x7d, 0xc8, 0xeb, 0x1a, 0x90,
    0x48, 0x8d, 0x14, 0x07, 0x83, 0x3a, 0x02, 0x0f, 0x84, 0x6b, 0x06, 0x00, 0x00, 0x41, 0x83, 0xc5,
    0x01, 0x48, 0x01, 0xf0, 0x41, 0x39, 0xcd, 0x74, 0x05, 0x48, 0x39, 0xc3, 0x73, 0xe2, 0x31, 0xdb,
    0x45, 0x31, 0xd2, 0x45, 0x31, 0xc0, 0x45, 0x31, 0xc9, 0xb8, 0x0b, 0x00, 0x00, 0x00, 0x48, 0x89,
    0xef, 0xbe, 0x00, 0x00, 0x04, 0x00, 0x31, 0xd2, 0x0f, 0x05, 0x49, 0x63, 0xec, 0x4c, 0x8d, 0x2d,
    0x8c, 0x25, 0x00, 0x00, 0x48, 0x8b, 0x7c, 0x24, 0x18, 0x66, 0x0f, 0xef, 0xc0, 0x48, 0x8d, 0x44,
    0x6d, 0x00, 0x48, 0x8d, 0x44, 0x85, 0x00, 0x48, 0xc1, 0xe0, 0x03, 0x49, 0x8d, 0x54, 0x05, 0x00,
    0x49, 0x8d, 0x4c, 0x05, 0x10, 0x4c, 0x89, 0x3a, 0x4c, 0x89, 0x72, 0x08, 0x48, 0x89, 0x7a, 0x10,
    0x0f, 0x11, 0x41, 0x08, 0x48, 0xc7, 0x42, 0x28, 0x00, 0x00, 0x00, 0x00, 0x49, 0x8d, 0x54, 0x05,
    0x30, 0x0f, 0x11, 0x02, 0x0f, 0x11, 0x42, 0x10, 0x0f, 0x11, 0x42, 0x20, 0x48, 0x8b, 0x15, 0x2d,
    0x23, 0x00, 0x00, 0x49, 0x89, 0x54, 0x05, 0x60, 0x48, 0x85, 0xdb, 0x0f, 0x84, 0x5e, 0x01, 0x00,
    0x00, 0x48, 0x8b, 0x13, 0x48, 0x85, 0xd2, 0x0f, 0x84, 0x3b, 0x08, 0x00, 0x00, 0x45, 0x31, 0xf6,
    0x31, 0xc0, 0x48, 0x8d, 0x35, 0x73, 0x22, 0x00, 0x00, 0x31, 0xff, 0x0f, 0x1f, 0x44, 0x00, 0x00,
    0x48, 0x83, 0xfa, 0x1c, 0x77, 0x2a, 0x48, 0x63, 0x14, 0x96, 0x48, 0x01, 0xf2, 0xff, 0xe2, 0x90,
    0x4c, 0x8b, 0x43, 0x08, 0x48, 0x8d, 0x54, 0x6d, 0x00, 0x48, 0x8d, 0x54, 0x95, 0x00, 0x4d, 0x01,
    0xf8, 0x4d, 0x89, 0x44, 0xd5, 0x18, 0x66, 0x2e, 0x0f, 0x1f, 0x84, 0x00, 0x00, 0x00, 0x00, 0x00,
    0x48, 0x8b, 0x53, 0x10, 0x48, 0x83, 0xc3, 0x10, 0x48, 0x85, 0xd2, 0x75, 0xc3, 0x0f, 0x1f, 0x00,
    0x48, 0x85, 0xff, 0x40, 0x0f, 0x95, 0xc6, 0x48, 0x85, 0xc0, 0x0f, 0x95, 0xc2, 0x21, 0xd6, 0x4d,
    0x85, 0xd2, 0x41, 0x0f, 0x95, 0xc3, 0x40, 0x88, 0x74, 0x24, 0x08, 0x4d, 0x85, 0xf6, 0x0f, 0x95,
    0xc2, 0x41, 0x21, 0xd3, 0x48, 0x8d, 0x54, 0x6d, 0x00, 0xf3, 0x0f, 0x6f, 0x49, 0x08, 0xbb, 0x01,
    0x00, 0x00, 0x00, 0x44, 0x8b, 0x05, 0xb6, 0x23, 0x00, 0x00, 0x48, 0x8d, 0x54, 0x95, 0x00, 0x4c,
    0x89, 0xbc, 0x24, 0x20, 0x01, 0x00, 0x00, 0x49, 0x8b, 0x54, 0xd5, 0x28, 0x0f, 0x11, 0x8c, 0x24,
    0x28, 0x01, 0x00, 0x00, 0x48, 0x89, 0x94, 0x24, 0x38, 0x01, 0x00, 0x00, 0x45, 0x85, 0xc0, 0x0f,
    0x85, 0xdb, 0x01, 0x00, 0x00, 0x44, 0x8b, 0x05, 0x64, 0x22, 0x00, 0x00, 0x45, 0x85, 0xc0, 0x7e,
    0x64, 0x48, 0x63, 0xd3, 0x41, 0x01, 0xd8, 0x48, 0x8d, 0x0d, 0x72, 0x22, 0x00, 0x00, 0x48, 0xc1,
    0xe2, 0x05, 0x48, 0x8d, 0xb4, 0x14, 0x20, 0x01, 0x00, 0x00, 0x31, 0xd2, 0x66, 0x66, 0x2e, 0x0f,
    0x1f, 0x84, 0x00, 0x00, 0x00, 0x00, 0x00, 0x66, 0x66, 0x2e, 0x0f, 0x1f, 0x84, 0x00, 0x00, 0x00,
    0x00, 0x00, 0x66, 0x66, 0x2e, 0x0f, 0x1f, 0x84, 0x00, 0x00, 0x00, 0x00, 0x00, 0x0f, 0x1f, 0x00,
    0x66, 0x0f, 0x6f, 0x04, 0x11, 0x83, 0xc3, 0x01, 0x0f, 0x29, 0x04, 0x16, 0x66, 0x0f, 0x6f, 0x44,
    0x11, 0x10, 0x0f, 0x29, 0x44, 0x16, 0x10, 0x44, 0x39, 0xc3, 0x74, 0x09, 0x48, 0x83, 0xc2, 0x20,
    0x83, 0xfb, 0x12, 0x75, 0xdb, 0x80, 0x7c, 0x24, 0x08, 0x00, 0x0f, 0x85, 0xe0, 0x01, 0x00, 0x00,
    0x45, 0x84, 0xdb, 0x0f, 0x85, 0x87, 0x01, 0x00, 0x00, 0x48, 0x8d, 0x44, 0x6d, 0x00, 0x48, 0x8d,
    0x44, 0x85, 0x00, 0x49, 0x8b, 0x44, 0xc5, 0x30, 0x48, 0x85, 0xc0, 0x74, 0x02, 0xff, 0xd0, 0x48,
    0x8d, 0x44, 0x6d, 0x00, 0x48, 0x8d, 0x44, 0x85, 0x00, 0x49, 0x8d, 0x44, 0xc5, 0x00, 0x48, 0x8b,
    0x58, 0x40, 0x48, 0x85, 0xdb, 0x74, 0x2c, 0x48, 0x8b, 0x40, 0x48, 0x48, 0x85, 0xc0, 0x74, 0x23,
    0x48, 0xc1, 0xe8, 0x03, 0x74, 0x1d, 0x48, 0x8d, 0x2c, 0xc3, 0x66, 0x0f, 0x1f, 0x44, 0x00, 0x00,
    0x48, 0x8b, 0x03, 0x48, 0x85, 0xc0, 0x74, 0x02, 0xff, 0xd0, 0x48, 0x83, 0xc3, 0x08, 0x48, 0x39,
    0xdd, 0x75, 0xed, 0x41, 0x8d, 0x44, 0x24, 0x02, 0x48, 0x98, 0x48, 0x81, 0xc4, 0x68, 0x03, 0x00,
    0x00, 0x5b, 0x5d, 0x41, 0x5c, 0x41, 0x5d, 0x41, 0x5e, 0x41, 0x5f, 0xc3, 0x0f, 0x1f, 0x40, 0x00,
    0x31, 0xd2, 0x66, 0x66, 0x2e, 0x0f, 0x1f, 0x84, 0x00, 0x00, 0x00, 0x00, 0x00, 0x0f, 0x1f, 0x00,
    0x48, 0x89, 0xd1, 0x48, 0x83, 0xc2, 0x01, 0x80, 0x3c, 0x10, 0x00, 0x75, 0xf3, 0x48, 0x83, 0xc1,
    0x06, 0x48, 0x81, 0xf9, 0xff, 0x00, 0x00, 0x00, 0x0f, 0x87, 0x11, 0x06, 0x00, 0x00, 0x4c, 0x8d,
    0x44, 0x24, 0x20, 0x48, 0x8d, 0x35, 0xc3, 0x1c, 0x00, 0x00, 0x4c, 0x89, 0xc7, 0x48, 0x8d, 0x4e,
    0x05, 0x0f, 0x1f, 0x80, 0x00, 0x00, 0x00, 0x00, 0x0f, 0x1f, 0x84, 0x00, 0x00, 0x00, 0x00, 0x00,
    0xa4, 0x48, 0x39, 0xce, 0x75, 0xfa, 0x48, 0x8d, 0x54, 0x10, 0x01, 0x48, 0x8d, 0x7c, 0x24, 0x25,
    0x48, 0x89, 0xc6, 0x0f, 0x1f, 0x44, 0x00, 0x00, 0x0f, 0x1f, 0x84, 0x00, 0x00, 0x00, 0x00, 0x00,
    0xa4, 0x48, 0x39, 0xf2, 0x75, 0xfa, 0xe9, 0x6b, 0xfa, 0xff, 0xff, 0x0f, 0x1f, 0x44, 0x00, 0x00,
    0x44, 0x8b, 0x0d, 0x09, 0x22, 0x00, 0x00, 0xb8, 0x01, 0x00, 0x00, 0x00, 0x45, 0x85, 0xc9, 0x0f,
    0x85, 0x55, 0xff, 0xff, 0xff, 0x31, 0xc0, 0x48, 0x8d, 0x15, 0xfa, 0x1d, 0x00, 0x00, 0x66, 0x90,
    0x48, 0x83, 0xc0, 0x01, 0x80, 0x3c, 0x02, 0x00, 0x75, 0xf6, 0xb9, 0x7f, 0x00, 0x00, 0x00, 0x48,
    0x8d, 0x35, 0xe2, 0x1d, 0x00, 0x00, 0x48, 0x39, 0xc8, 0x48, 0x0f, 0x47, 0xc1, 0x48, 0x8d, 0x0d,
    0x2c, 0x22, 0x00, 0x00, 0x48, 0x89, 0xcf, 0x48, 0x01, 0xc2, 0x66, 0x0f, 0x1f, 0x44, 0x00, 0x00,
    0xa4, 0x48, 0x39, 0xd6, 0x75, 0xfa, 0xe9, 0x75, 0xf9, 0xff, 0xff, 0x0f, 0x1f, 0x44, 0x00, 0x00,
    0x66, 0x0f, 0x6f, 0x05, 0xc8, 0x21, 0x00, 0x00, 0xbb, 0x02, 0x00, 0x00, 0x00, 0x0f, 0x29, 0x84,
    0x24, 0x40, 0x01, 0x00, 0x00, 0x66, 0x0f, 0x6f, 0x05, 0xc3, 0x21, 0x00, 0x00, 0x0f, 0x29, 0x84,
    0x24, 0x50, 0x01, 0x00, 0x00, 0xe9, 0xfb, 0xfd, 0xff, 0xff, 0x66, 0x0f, 0x1f, 0x44, 0x00, 0x00,
    0x48, 0x8d, 0x44, 0x6d, 0x00, 0x48, 0x83, 0xec, 0x08, 0x4c, 0x89, 0xd7, 0x48, 0x8d, 0x44, 0x85,
    0x00, 0x49, 0x8d, 0x44, 0xc5, 0x00, 0x4c, 0x8b, 0x40, 0x20, 0x48, 0x8b, 0x48, 0x18, 0x53, 0x48,
    0xb8, 0xab, 0xaa, 0xaa, 0xaa, 0xaa, 0xaa, 0xaa, 0xaa, 0x49, 0xf7, 0xe6, 0x4c, 0x8d, 0x8c, 0x24,
    0x30, 0x01, 0x00, 0x00, 0x48, 0x89, 0xd6, 0x4c, 0x89, 0xfa, 0x48, 0xc1, 0xee, 0x04, 0xe8, 0xad,
    0xf4, 0xff, 0xff, 0x58, 0x5a, 0xe9, 0x2f, 0xfe, 0xff, 0xff, 0x66, 0x0f, 0x1f, 0x44, 0x00, 0x00,
    0x44, 0x88, 0x5c, 0x24, 0x10, 0x48, 0x83, 0xec, 0x08, 0x0f, 0x12, 0xd1, 0x66, 0x48, 0x0f, 0x7e,
    0xc9, 0x48, 0xba, 0xab, 0xaa, 0xaa, 0xaa, 0xaa, 0xaa, 0xaa, 0xaa, 0x4c, 0x89, 0x54, 0x24, 0x10,
    0x66, 0x49, 0x0f, 0x7e, 0xd0, 0x48, 0xf7, 0xe2, 0x53, 0x48, 0x89, 0xd6, 0x4c, 0x8d, 0x8c, 0x24,
    0x30, 0x01, 0x00, 0x00, 0x4c, 0x89, 0xfa, 0x48, 0xc1, 0xee, 0x04, 0xe8, 0x60, 0xf4, 0xff, 0xff,
    0x59, 0x5e, 0x44, 0x0f, 0xb6, 0x5c, 0x24, 0x10, 0x4c, 0x8b, 0x54, 0x24, 0x08, 0xe9, 0xce, 0xfd,
    0xff, 0xff, 0x66, 0x0f, 0x1f, 0x44, 0x00, 0x00, 0x4c, 0x8b, 0x43, 0x08, 0x48, 0x8d, 0x54, 0x6d,
    0x00, 0x48, 0x83, 0xc3, 0x10, 0x48, 0x8d, 0x54, 0x95, 0x00, 0x4d, 0x89, 0x44, 0xd5, 0x58, 0x48,
    0x8b, 0x13, 0x48, 0x85, 0xd2, 0x0f, 0x85, 0x85, 0xfc, 0xff, 0xff, 0xe9, 0xc0, 0xfc, 0xff, 0xff,
    0x4c, 0x8b, 0x43, 0x08, 0x48, 0x8d, 0x54, 0x6d, 0x00, 0x48, 0x83, 0xc3, 0x10, 0x48, 0x8d, 0x54,
    0x95, 0x00, 0x4d, 0x89, 0x44, 0xd5, 0x48, 0x48, 0x8b, 0x13, 0x48, 0x85, 0xd2, 0x0f, 0x85, 0x5d,
    0xfc, 0xff, 0xff, 0xe9, 0x98, 0xfc, 0xff, 0xff, 0x0f, 0x1f, 0x84, 0x00, 0x00, 0x00, 0x00, 0x00,
    0x4c, 0x8b, 0x43, 0x08, 0x48, 0x8d, 0x54, 0x6d, 0x00, 0x48, 0x83, 0xc3, 0x10, 0x48, 0x8d, 0x54,
    0x95, 0x00, 0x4d, 0x01, 0xf8, 0x4d, 0x89, 0x44, 0xd5, 0x50, 0x48, 0x8b, 0x13, 0x48, 0x85, 0xd2,
    0x0f, 0x85, 0x2a, 0xfc, 0xff, 0xff, 0xe9, 0x65, 0xfc, 0xff, 0xff, 0x0f, 0x1f, 0x44, 0x00, 0x00,
    0x4c, 0x8b, 0x43, 0x08, 0x48, 0x8d, 0x54, 0x6d, 0x00, 0x48, 0x83, 0xc3, 0x10, 0x48, 0x8d, 0x54,
    0x95, 0x00, 0x4d, 0x01, 0xf8, 0x4d, 0x89, 0x44, 0xd5, 0x40, 0x48, 0x8b, 0x13, 0x48, 0x85, 0xd2,
    0x0f, 0x85, 0xfa, 0xfb, 0xff, 0xff, 0xe9, 0x35, 0xfc, 0xff, 0xff, 0x0f, 0x1f, 0x44, 0x00, 0x00,
    0x4c, 0x8b, 0x53, 0x08, 0x48, 0x8b, 0x53, 0x10, 0x48, 0x83, 0xc3, 0x10, 0x4d, 0x01, 0xfa, 0x48,
    0x85, 0xd2, 0x0f, 0x85, 0xd8, 0xfb, 0xff, 0xff, 0xe9, 0x13, 0xfc, 0xff, 0xff, 0x0f, 0x1f, 0x00,
    0x4c, 0x8b, 0x43, 0x08, 0x48, 0x8d, 0x54, 0x6d, 0x00, 0x48, 0x83, 0xc3, 0x10, 0x48, 0x8d, 0x54,
    0x95, 0x00, 0x4d, 0x01, 0xf8, 0x4d, 0x89, 0x44, 0xd5, 0x38, 0x48, 0x8b, 0x13, 0x48, 0x85, 0xd2,
    0x0f, 0x85, 0xaa, 0xfb, 0xff, 0xff, 0xe9, 0xe5, 0xfb, 0xff, 0xff, 0x0f, 0x1f, 0x44, 0x00, 0x00,
    0x4c, 0x8b, 0x43, 0x08, 0x48, 0x8d, 0x54, 0x6d, 0x00, 0x48, 0x83, 0xc3, 0x10, 0x48, 0x8d, 0x54,
    0x95, 0x00, 0x4d, 0x01, 0xf8, 0x4d, 0x89, 0x44, 0xd5, 0x30, 0x48, 0x8b, 0x13, 0x48, 0x85, 0xd2,
    0x0f, 0x85, 0x7a, 0xfb, 0xff, 0xff, 0xe9, 0xb5, 0xfb, 0xff, 0xff, 0x0f, 0x1f, 0x44, 0x00, 0x00,
    0x48, 0x8b, 0x43, 0x08, 0x48, 0x8b, 0x53, 0x10, 0x48, 0x83, 0xc3, 0x10, 0x48, 0x85, 0xd2, 0x0f,
    0x85, 0x5b, 0xfb, 0xff, 0xff, 0xe9, 0x96, 0xfb, 0xff, 0xff, 0x66, 0x0f, 0x1f, 0x44, 0x00, 0x00,
    0x48, 0x8b, 0x7b, 0x08, 0x48, 0x8b, 0x53, 0x10, 0x48, 0x83, 0xc3, 0x10, 0x4c, 0x01, 0xff, 0x48,
    0x85, 0xd2, 0x0f, 0x85, 0x38, 0xfb, 0xff, 0xff, 0xe9, 0x73, 0xfb, 0xff, 0xff, 0x0f, 0x1f, 0x00,
    0x4c, 0x8b, 0x43, 0x08, 0x48, 0x8d, 0x54, 0x6d, 0x00, 0x48, 0x83, 0xc3, 0x10, 0x48, 0x8d, 0x54,
    0x95, 0x00, 0x4d, 0x01, 0xf8, 0x4d, 0x89, 0x44, 0xd5, 0x20, 0x48, 0x8b, 0x13, 0x48, 0x85, 0xd2,
    0x0f, 0x85, 0x0a, 0xfb, 0xff, 0xff, 0xe9, 0x45, 0xfb, 0xff, 0xff, 0x0f, 0x1f, 0x44, 0x00, 0x00,
    0x4c, 0x8b, 0x43, 0x08, 0x48, 0x8d, 0x54, 0x6d, 0x00, 0x48, 0x83, 0xc3, 0x10, 0x48, 0x8d, 0x54,
    0x95, 0x00, 0x4d, 0x01, 0xf8, 0x4d, 0x89, 0x44, 0xd5, 0x28, 0x48, 0x8b, 0x13, 0x48, 0x85, 0xd2,
    0x0f, 0x85, 0xda, 0xfa, 0xff, 0xff, 0xe9, 0x15, 0xfb, 0xff, 0xff, 0x0f, 0x1f, 0x44, 0x00, 0x00,
    0x4c, 0x8b, 0x73, 0x08, 0x48, 0x8b, 0x53, 0x10, 0x48, 0x83, 0xc3, 0x10, 0x48, 0x85, 0xd2, 0x0f,
    0x85, 0xbb, 0xfa, 0xff, 0xff, 0xe9, 0xf6, 0xfa, 0xff, 0xff, 0x66, 0x0f, 0x1f, 0x44, 0x00, 0x00,
    0x4c, 0x29, 0xc7, 0x4c, 0x89, 0xc1, 0x4c, 0x01, 0xc2, 0x48, 0x01, 0xef, 0x66, 0x66, 0x2e, 0x0f,
    0x1f, 0x84, 0x00, 0x00, 0x00, 0x00, 0x00, 0x66, 0x0f, 0x1f, 0x84, 0x00, 0x00, 0x00, 0x00, 0x00,
    0x49, 0x89, 0xc9, 0x44, 0x0f, 0xb6, 0x14, 0x39, 0x48, 0x83, 0xc1, 0x01, 0x45, 0x88, 0x11, 0x48,
    0x39, 0xca, 0x75, 0xec, 0x48, 0x8b, 0x50, 0x20, 0xe9, 0xc9, 0xf8, 0xff, 0xff, 0x0f, 0x1f, 0x00,
    0x0f, 0xb7, 0x4d, 0x38, 0xe9, 0xf7, 0xf8, 0xff, 0xff, 0x0f, 0x1f, 0x80, 0x00, 0x00, 0x00, 0x00,
    0x85, 0xc9, 0x0f, 0x84, 0xb6, 0xf9, 0xff, 0xff, 0x0f, 0xb7, 0x75, 0x36, 0x48, 0x8b, 0x55, 0x20,
    0xe9, 0x80, 0xf9, 0xff, 0xff, 0x0f, 0x1f, 0x00, 0x48, 0x8b, 0x5a, 0x10, 0x4c, 0x01, 0xfb, 0xe9,
    0x9c, 0xf9, 0xff, 0xff, 0x0f, 0x1f, 0x40, 0x00, 0x45, 0x31, 0xd2, 0x45, 0x31, 0xc0, 0x45, 0x31,
    0xc9, 0xb8, 0x0b, 0x00, 0x00, 0x00, 0x48, 0x89, 0xef, 0xbe, 0x00, 0x00, 0x04, 0x00, 0x31, 0xd2,
    0x0f, 0x05, 0x31, 0xc0, 0x48, 0x8d, 0x15, 0xd4, 0x18, 0x00, 0x00, 0x0f, 0x1f, 0x44, 0x00, 0x00,
    0x48, 0x83, 0xc0, 0x01, 0x80, 0x3c, 0x02, 0x00, 0x75, 0xf6, 0xb9, 0x7f, 0x00, 0x00, 0x00, 0x48,
    0x8d, 0x35, 0xb9, 0x18, 0x00, 0x00, 0x48, 0x39, 0xc8, 0x48, 0x0f, 0x47, 0xc1, 0x48, 0x8d, 0x0d,
    0x7c, 0x1e, 0x00, 0x00, 0x48, 0x89, 0xcf, 0x48, 0x01, 0xc2, 0x66, 0x0f, 0x1f, 0x44, 0x00, 0x00,
    0xa4, 0x48, 0x39, 0xf2, 0x75, 0xfa, 0xe9, 0xc5, 0xf5, 0xff, 0xff, 0x45, 0x31, 0xd2, 0x45, 0x31,
    0xc0, 0x45, 0x31, 0xc9, 0xb8, 0x0b, 0x00, 0x00, 0x00, 0x48, 0x89, 0xef, 0xbe, 0x00, 0x00, 0x04,
    0x00, 0x31, 0xd2, 0x0f, 0x05, 0x31, 0xc0, 0x48, 0x8d, 0x15, 0x62, 0x1a, 0x00, 0x00, 0x66, 0x90,
    0x48, 0x83, 0xc0, 0x01, 0x80, 0x3c, 0x02, 0x00, 0x75, 0xf6, 0xb9, 0x7f, 0x00, 0x00, 0x00, 0x48,
    0x8d, 0x35, 0x4a, 0x1a, 0x00, 0x00, 0x48, 0x39, 0xc8, 0x48, 0x0f, 0x47, 0xc1, 0x48, 0x8d, 0x0d,
    0x1c, 0x1e, 0x00, 0x00, 0x48, 0x89, 0xcf, 0x48, 0x01, 0xc2, 0x66, 0x0f, 0x1f, 0x44, 0x00, 0x00,
    0xa4, 0x48, 0x39, 0xd6, 0x75, 0xfa, 0xe9, 0x65, 0xf5, 0xff, 0xff, 0x31, 0xc0, 0x48, 0x8d, 0x15,
    0x0f, 0x18, 0x00, 0x00, 0x66, 0x66, 0x2e, 0x0f, 0x1f, 0x84, 0x00, 0x00, 0x00, 0x00, 0x00, 0x90,
    0x48, 0x83, 0xc0, 0x01, 0x80, 0x3c, 0x02, 0x00, 0x75, 0xf6, 0xb9, 0x7f, 0x00, 0x00, 0x00, 0x48,
    0x8d, 0x35, 0xed, 0x17, 0x00, 0x00, 0x48, 0x39, 0xc8, 0x48, 0x0f, 0x47, 0xc1, 0x48, 0x8d, 0x0d,
    0xcc, 0x1d, 0x00, 0x00, 0x48, 0x89, 0xcf, 0x48, 0x01, 0xc2, 0x66, 0x0f, 0x1f, 0x44, 0x00, 0x00,
    0xa4, 0x48, 0x39, 0xd6, 0x75, 0xfa, 0xe9, 0x15, 0xf5, 0xff, 0xff, 0xb8, 0x03, 0x00, 0x00, 0x00,
    0x0f, 0x05, 0x31, 0xc0, 0x48, 0x8d, 0x15, 0x9d, 0x19, 0x00, 0x00, 0x0f, 0x1f, 0x44, 0x00, 0x00,
    0x48, 0x83, 0xc0, 0x01, 0x80, 0x3c, 0x02, 0x00, 0x75, 0xf6, 0xb9, 0x7f, 0x00, 0x00, 0x00, 0x48,
    0x8d, 0x35, 0x82, 0x19, 0x00, 0x00, 0x48, 0x39, 0xc8, 0x48, 0x0f, 0x47, 0xc1, 0x48, 0x8d, 0x0d,
    0x7c, 0x1d, 0x00, 0x00, 0x48, 0x89, 0xcf, 0x48, 0x01, 0xc2, 0x66, 0x0f, 0x1f, 0x44, 0x00, 0x00,
    0xa4, 0x48, 0x39, 0xd6, 0x75, 0xfa, 0xe9, 0xc5, 0xf4, 0xff, 0xff, 0x45, 0x31, 0xd2, 0x45, 0x31,
    0xc0, 0x45, 0x31, 0xc9, 0xb8, 0x0b, 0x00, 0x00, 0x00, 0x48, 0x89, 0xef, 0xbe, 0x00, 0x00, 0x04,
    0x00, 0x31, 0xd2, 0x0f, 0x05, 0x31, 0xc0, 0x48, 0x8d, 0x15, 0x87, 0x17, 0x00, 0x00, 0x66, 0x90,
    0x48, 0x83, 0xc0, 0x01, 0x80, 0x3c, 0x02, 0x00, 0x75, 0xf6, 0xb9, 0x7f, 0x00, 0x00, 0x00, 0x48,
    0x8d, 0x35, 0x6f, 0x17, 0x00, 0x00, 0x48, 0x39, 0xc8, 0x48, 0x0f, 0x47, 0xc1, 0x48, 0x8d, 0x0d,
    0x1c, 0x1d, 0x00, 0x00, 0x48, 0x89, 0xcf, 0x48, 0x01, 0xc2, 0x66, 0x0f, 0x1f, 0x44, 0x00, 0x00,
    0xa4, 0x48, 0x39, 0xf2, 0x75, 0xfa, 0xe9, 0x65, 0xf4, 0xff, 0xff, 0x31, 0xd2, 0xe9, 0x3c, 0xfa,
    0xff, 0xff, 0x31, 0xd2, 0x48, 0x8d, 0x05, 0xec, 0x16, 0x00, 0x00, 0x0f, 0x1f, 0x44, 0x00, 0x00,
    0x48, 0x83, 0xc2, 0x01, 0x80, 0x3c, 0x10, 0x00, 0x75, 0xf6, 0xb9, 0x7f, 0x00, 0x00, 0x00, 0x48,
    0x8d, 0x35, 0xd1, 0x16, 0x00, 0x00, 0x48, 0x39, 0xca, 0x48, 0x0f, 0x47, 0xd1, 0x48, 0x8d, 0x0d,
    0xcc, 0x1c, 0x00, 0x00, 0x48, 0x89, 0xcf, 0x48, 0x01, 0xd0, 0x66, 0x0f, 0x1f, 0x44, 0x00, 0x00,
    0xa4, 0x48, 0x39, 0xc6, 0x75, 0xfa, 0xc6, 0x04, 0x11, 0x00, 0xe9, 0x15, 0xf4, 0xff, 0xff, 0x31,
    0xd2, 0x48, 0x8d, 0x05, 0x9f, 0x16, 0x00, 0x00, 0x0f, 0x1f, 0x84, 0x00, 0x00, 0x00, 0x00, 0x00,
    0x48, 0x83, 0xc2, 0x01, 0x80, 0x3c, 0x10, 0x00, 0x75, 0xf6, 0xb9, 0x7f, 0x00, 0x00, 0x00, 0x48,
    0x8d, 0x35, 0x81, 0x16, 0x00, 0x00, 0x48, 0x39, 0xca, 0x48, 0x0f, 0x47, 0xd1, 0x48, 0x8d, 0x0d,
    0x7c, 0x1c, 0x00, 0x00, 0x48, 0x89, 0xcf, 0x48, 0x01, 0xd0, 0x66, 0x0f, 0x1f, 0x44, 0x00, 0x00,
    0xa4, 0x48, 0x39, 0xf0, 0x75, 0xfa, 0xeb, 0xae, 0x45, 0x31, 0xdb, 0x45, 0x31, 0xf6, 0x31, 0xc0,
    0x45, 0x31, 0xd2, 0x31, 0xff, 0xe9, 0x2a, 0xf8, 0xff, 0xff, 0x45, 0x31, 0xd2, 0x45, 0x31, 0xc0,
    0xb8, 0x0b, 0x00, 0x00, 0x00, 0x48, 0x89, 0xef, 0xbe, 0x00, 0x00, 0x04, 0x00, 0x31, 0xd2, 0x0f,
    0x05, 0x31, 0xc0, 0x48, 0x8d, 0x15, 0x7e, 0x18, 0x00, 0x00, 0x66, 0x0f, 0x1f, 0x44, 0x00, 0x00,
    0x48, 0x83, 0xc0, 0x01, 0x80, 0x3c, 0x02, 0x00, 0x75, 0xf6, 0xb9, 0x7f, 0x00, 0x00, 0x00, 0x48,
    0x8d, 0x35, 0x62, 0x18, 0x00, 0x00, 0x48, 0x39, 0xc8, 0x48, 0x0f, 0x47, 0xc1, 0x48, 0x8d, 0x0d,
    0x0c, 0x1c, 0x00, 0x00, 0x48, 0x89, 0xcf, 0x48, 0x01, 0xc2, 0x66, 0x0f, 0x1f, 0x44, 0x00, 0x00,
    0xa4, 0x48, 0x39, 0xf2, 0x75, 0xfa, 0xe9, 0x55, 0xf3, 0xff, 0xff, 0x0f, 0x1f, 0x44, 0x00, 0x00,
    0x41, 0x55, 0x41, 0x54, 0x55, 0x53, 0x48, 0x83, 0xec, 0x28, 0x48, 0x85, 0xf6, 0x0f, 0x84, 0xdd,
    0x02, 0x00, 0x00, 0x48, 0x8d, 0x47, 0xff, 0x48, 0x89, 0xf3, 0x48, 0x83, 0xf8, 0xfd, 0x76, 0x60,
    0x44, 0x8b, 0x05, 0x69, 0x1b, 0x00, 0x00, 0x45, 0x85, 0xc0, 0x0f, 0x85, 0xd0, 0x01, 0x00, 0x00,
    0x4c, 0x63, 0x25, 0x39, 0x1a, 0x00, 0x00, 0x45, 0x85, 0xe4, 0x0f, 0x8e, 0x08, 0x01, 0x00, 0x00,
    0x48, 0x8d, 0x2d, 0x49, 0x1a, 0x00, 0x00, 0x49, 0xc1, 0xe4, 0x05, 0x49, 0x01, 0xec, 0xeb, 0x0d,
    0x48, 0x83, 0xc5, 0x20, 0x49, 0x39, 0xec, 0x0f, 0x84, 0xeb, 0x00, 0x00, 0x00, 0x48, 0x89, 0xde,
    0x48, 0x89, 0xef, 0xe8, 0xa8, 0xeb, 0xff, 0xff, 0x48, 0x85, 0xc0, 0x74, 0xe3, 0x48, 0x83, 0xc4,
    0x28, 0x5b, 0x5d, 0x41, 0x5c, 0x41, 0x5d, 0xc3, 0x0f, 0x1f, 0x84, 0x00, 0x00, 0x00, 0x00, 0x00,
    0x48, 0x83, 0xff, 0x01, 0x0f, 0x84, 0x96, 0x01, 0x00, 0x00, 0x83, 0xef, 0x02, 0x83, 0xff, 0x0f,
    0x0f, 0x87, 0xfa, 0x01, 0x00, 0x00, 0x48, 0x63, 0xff, 0x48, 0x8d, 0x04, 0x7f, 0x48, 0x8d, 0x14,
    0x87, 0x48, 0x8d, 0x05, 0xc8, 0x1b, 0x00, 0x00, 0x48, 0xc1, 0xe2, 0x03, 0x48, 0x01, 0xd0, 0x8b,
    0x48, 0x60, 0x85, 0xc9, 0x0f, 0x84, 0xd6, 0x01, 0x00, 0x00, 0x48, 0x8b, 0x08, 0x48, 0x8b, 0x40,
    0x28, 0x48, 0x89, 0xe7, 0x48, 0x89, 0x0c, 0x24, 0x48, 0x8d, 0x0d, 0xa9, 0x1b, 0x00, 0x00, 0xf3,
    0x0f, 0x6f, 0x44, 0x11, 0x10, 0x48, 0x89, 0x44, 0x24, 0x18, 0x0f, 0x11, 0x44, 0x24, 0x08, 0xe8,
    0x2c, 0xeb, 0xff, 0xff, 0x48, 0x85, 0xc0, 0x75, 0x84, 0x48, 0x8d, 0x15, 0x79, 0x15, 0x00, 0x00,
    0x48, 0x83, 0xc0, 0x01, 0x80, 0x3c, 0x02, 0x00, 0x75, 0xf6, 0xb9, 0x7f, 0x00, 0x00, 0x00, 0x48,
    0x8d, 0x35, 0x63, 0x15, 0x00, 0x00, 0x48, 0x39, 0xc8, 0x48, 0x0f, 0x47, 0xc1, 0x48, 0x8d, 0x0d,
    0xdc, 0x1a, 0x00, 0x00, 0x48, 0x89, 0xcf, 0x48, 0x01, 0xc2, 0x66, 0x0f, 0x1f, 0x44, 0x00, 0x00,
    0xa4, 0x48, 0x39, 0xf2, 0x75, 0xfa, 0xc6, 0x04, 0x01, 0x00, 0x31, 0xc0, 0xc7, 0x05, 0x9a, 0x1a,
    0x00, 0x00, 0x01, 0x00, 0x00, 0x00, 0x48, 0x83, 0xc4, 0x28, 0x5b, 0x5d, 0x41, 0x5c, 0x41, 0x5d,
    0xc3, 0x0f, 0x1f, 0x80, 0x00, 0x00, 0x00, 0x00, 0x48, 0x8d, 0x2d, 0x21, 0x1b, 0x00, 0x00, 0x49,
    0x89, 0xe5, 0x4c, 0x8d, 0xa5, 0x80, 0x06, 0x00, 0x00, 0x0f, 0x1f, 0x80, 0x00, 0x00, 0x00, 0x00,
    0x8b, 0x7d, 0x60, 0x85, 0xff, 0x74, 0x2f, 0x48, 0x8b, 0x45, 0x00, 0xf3, 0x0f, 0x6f, 0x45, 0x18,
    0x48, 0x89, 0xde, 0x4c, 0x89, 0xef, 0x48, 0x89, 0x04, 0x24, 0x48, 0x8b, 0x45, 0x28, 0x0f, 0x11,
    0x44, 0x24, 0x08, 0x48, 0x89, 0x44, 0x24, 0x18, 0xe8, 0x83, 0xea, 0xff, 0xff, 0x48, 0x85, 0xc0,
    0x0f, 0x85, 0xd7, 0xfe, 0xff, 0xff, 0x48, 0x83, 0xc5, 0x68, 0x4c, 0x39, 0xe5, 0x75, 0xc1, 0x31,
    0xc0, 0x48, 0x8d, 0x15, 0xc1, 0x14, 0x00, 0x00, 0x0f, 0x1f, 0x84, 0x00, 0x00, 0x00, 0x00, 0x00,
    0x48, 0x83, 0xc0, 0x01, 0x80, 0x3c, 0x02, 0x00, 0x75, 0xf6, 0xb9, 0x7f, 0x00, 0x00, 0x00, 0x48,
    0x8d, 0x35, 0xa3, 0x14, 0x00, 0x00, 0x48, 0x39, 0xc8, 0x48, 0x0f, 0x47, 0xc1, 0x48, 0x8d, 0x0d,
    0x1c, 0x1a, 0x00, 0x00, 0x48, 0x89, 0xcf, 0x48, 0x01, 0xc2, 0x66, 0x0f, 0x1f, 0x44, 0x00, 0x00,
    0xa4, 0x48, 0x39, 0xd6, 0x75, 0xfa, 0xc6, 0x04, 0x01, 0x00, 0x31, 0xc0, 0xc7, 0x05, 0xda, 0x19,
    0x00, 0x00, 0x01, 0x00, 0x00, 0x00, 0xe9, 0x3b, 0xff, 0xff, 0xff, 0x0f, 0x1f, 0x44, 0x00, 0x00,
    0x48, 0x8d, 0x3d, 0xa9, 0x19, 0x00, 0x00, 0xe8, 0x04, 0xea, 0xff, 0xff, 0x48, 0x85, 0xc0, 0x0f,
    0x84, 0x1b, 0xfe, 0xff, 0xff, 0xe9, 0x53, 0xfe, 0xff, 0xff, 0x66, 0x0f, 0x1f, 0x44, 0x00, 0x00,
    0x8b, 0x35, 0x6a, 0x19, 0x00, 0x00, 0x85, 0xf6, 0x0f, 0x84, 0x0d, 0x01, 0x00, 0x00, 0x48, 0x89,
    0xde, 0x48, 0x8d, 0x3d, 0x78, 0x19, 0x00, 0x00, 0xe8, 0xd3, 0xe9, 0xff, 0xff, 0x48, 0x85, 0xc0,
    0x0f, 0x85, 0x27, 0xfe, 0xff, 0xff, 0x48, 0x8d, 0x15, 0x4b, 0x16, 0x00, 0x00, 0x0f, 0x1f, 0x00,
    0x48, 0x83, 0xc0, 0x01, 0x80, 0x3c, 0x02, 0x00, 0x75, 0xf6, 0xb9, 0x7f, 0x00, 0x00, 0x00, 0x48,
    0x8d, 0x35, 0x32, 0x16, 0x00, 0x00, 0x48, 0x39, 0xc8, 0x48, 0x0f, 0x47, 0xc1, 0x48, 0x8d, 0x0d,
    0x7c, 0x19, 0x00, 0x00, 0x48, 0x89, 0xcf, 0x48, 0x01, 0xc2, 0x66, 0x0f, 0x1f, 0x44, 0x00, 0x00,
    0xa4, 0x48, 0x39, 0xf2, 0x75, 0xfa, 0xe9, 0x9b, 0xfe, 0xff, 0xff, 0x0f, 0x1f, 0x44, 0x00, 0x00,
    0x31, 0xc0, 0x48, 0x8d, 0x15, 0xe8, 0x13, 0x00, 0x00, 0x0f, 0x1f, 0x80, 0x00, 0x00, 0x00, 0x00,
    0x48, 0x83, 0xc0, 0x01, 0x80, 0x3c, 0x02, 0x00, 0x75, 0xf6, 0xb9, 0x7f, 0x00, 0x00, 0x00, 0x48,
    0x8d, 0x35, 0xcb, 0x13, 0x00, 0x00, 0x48, 0x39, 0xc8, 0x48, 0x0f, 0x47, 0xc1, 0x48, 0x8d, 0x0d,
    0x2c, 0x19, 0x00, 0x00, 0x48, 0x89, 0xcf, 0x48, 0x01, 0xc2, 0x66, 0x0f, 0x1f, 0x44, 0x00, 0x00,
    0xa4, 0x48, 0x39, 0xd6, 0x75, 0xfa, 0xc6, 0x04, 0x01, 0x00, 0x31, 0xc0, 0xc7, 0x05, 0xea, 0x18,
    0x00, 0x00, 0x01, 0x00, 0x00, 0x00, 0xe9, 0x4b, 0xfe, 0xff, 0xff, 0x0f, 0x1f, 0x44, 0x00, 0x00,
    0x31, 0xc0, 0x48, 0x8d, 0x15, 0x58, 0x13, 0x00, 0x00, 0x0f, 0x1f, 0x80, 0x00, 0x00, 0x00, 0x00,
    0x48, 0x83, 0xc0, 0x01, 0x80, 0x3c, 0x02, 0x00, 0x75, 0xf6, 0xb9, 0x7f, 0x00, 0x00, 0x00, 0x48,
    0x8d, 0x35, 0x3b, 0x13, 0x00, 0x00, 0x48, 0x39, 0xc8, 0x48, 0x0f, 0x47, 0xc1, 0x48, 0x8d, 0x0d,
    0xcc, 0x18, 0x00, 0x00, 0x48, 0x89, 0xcf, 0x48, 0x01, 0xc2, 0x66, 0x0f, 0x1f, 0x44, 0x00, 0x00,
    0xa4, 0x48, 0x39, 0xf2, 0x75, 0xfa, 0xe9, 0xeb, 0xfd, 0xff, 0xff, 0x31, 0xc0, 0x48, 0x8d, 0x15,
    0x24, 0x15, 0x00, 0x00, 0x66, 0x66, 0x2e, 0x0f, 0x1f, 0x84, 0x00, 0x00, 0x00, 0x00, 0x00, 0x90,
    0x48, 0x83, 0xc0, 0x01, 0x80, 0x3c, 0x02, 0x00, 0x75, 0xf6, 0xb9, 0x7f, 0x00, 0x00, 0x00, 0x48,
    0x8d, 0x35, 0x02, 0x15, 0x00, 0x00, 0x48, 0x39, 0xc8, 0x48, 0x0f, 0x47, 0xc1, 0x48, 0x8d, 0x0d,
    0x7c, 0x18, 0x00, 0x00, 0x48, 0x89, 0xcf, 0x48, 0x01, 0xc2, 0x66, 0x0f, 0x1f, 0x44, 0x00, 0x00,
    0xa4, 0x48, 0x39, 0xf2, 0x75, 0xfa, 0xe9, 0x9b, 0xfd, 0xff, 0xff, 0x0f, 0x1f, 0x44, 0x00, 0x00,
    0x41, 0x55, 0x48, 0x8d, 0x47, 0xfe, 0x41, 0x54, 0x55, 0x53, 0x48, 0x83, 0xec, 0x08, 0x48, 0x83,
    0xf8, 0xfc, 0x0f, 0x87, 0x53, 0x01, 0x00, 0x00, 0x83, 0xef, 0x02, 0x83, 0xff, 0x0f, 0x0f, 0x87,
    0xec, 0x00, 0x00, 0x00, 0x48, 0x63, 0xdf, 0x4c, 0x8d, 0x25, 0xb2, 0x18, 0x00, 0x00, 0x48, 0x8d,
    0x04, 0x5b, 0x48, 0x8d, 0x04, 0x83, 0x49, 0x8d, 0x14, 0xc4, 0x8b, 0x42, 0x60, 0x85, 0xc0, 0x0f,
    0x84, 0xcb, 0x00, 0x00, 0x00, 0x8b, 0x42, 0x64, 0x83, 0xe8, 0x01, 0x89, 0x42, 0x64, 0x85, 0xc0,
    0x0f, 0x8f, 0xa3, 0x00, 0x00, 0x00, 0x4c, 0x8b, 0x6a, 0x50, 0x4d, 0x85, 0xed, 0x74, 0x30, 0x48,
    0x8b, 0x42, 0x58, 0x48, 0x85, 0xc0, 0x74, 0x27, 0x48, 0xc1, 0xe8, 0x03, 0x74, 0x21, 0x49, 0x8d,
    0x6c, 0xc5, 0xf8, 0xeb, 0x06, 0x0f, 0x1f, 0x00, 0x48, 0x89, 0xc5, 0x48, 0x8b, 0x45, 0x00, 0x48,
    0x85, 0xc0, 0x74, 0x02, 0xff, 0xd0, 0x48, 0x8d, 0x45, 0xf8, 0x49, 0x39, 0xed, 0x75, 0xe9, 0x48,
    0x8d, 0x04, 0x5b, 0x48, 0x8d, 0x04, 0x83, 0x49, 0x8b, 0x44, 0xc4, 0x38, 0x48, 0x85, 0xc0, 0x74,
    0x02, 0xff, 0xd0, 0x48, 0x8d, 0x04, 0x5b, 0x45, 0x31, 0xd2, 0x45, 0x31, 0xc0, 0x45, 0x31, 0xc9,
    0x48, 0x8d, 0x2c, 0x83, 0x31, 0xd2, 0xb8, 0x0b, 0x00, 0x00, 0x00, 0x48, 0xc1, 0xe5, 0x03, 0x49,
    0x8d, 0x1c, 0x2c, 0x48, 0x8b, 0x73, 0x10, 0x48, 0x8b, 0x7b, 0x08, 0x0f, 0x05, 0x66, 0x0f, 0xef,
    0xc0, 0x48, 0x8d, 0x05, 0x10, 0x18, 0x00, 0x00, 0xc7, 0x43, 0x60, 0x00, 0x00, 0x00, 0x00, 0x0f,
    0x11, 0x44, 0x28, 0x10, 0x48, 0xc7, 0x43, 0x28, 0x00, 0x00, 0x00, 0x00, 0x41, 0x0f, 0x11, 0x04,
    0x2c, 0x48, 0xc7, 0x43, 0x10, 0x00, 0x00, 0x00, 0x00, 0x31, 0xc0, 0x48, 0x83, 0xc4, 0x08, 0x5b,
    0x5d, 0x41, 0x5c, 0x41, 0x5d, 0xc3, 0x66, 0x2e, 0x0f, 0x1f, 0x84, 0x00, 0x00, 0x00, 0x00, 0x00,
    0x31, 0xc0, 0x48, 0x8d, 0x15, 0xee, 0x11, 0x00, 0x00, 0x0f, 0x1f, 0x80, 0x00, 0x00, 0x00, 0x00,
    0x48, 0x83, 0xc0, 0x01, 0x80, 0x3c, 0x02, 0x00, 0x75, 0xf6, 0xb9, 0x7f, 0x00, 0x00, 0x00, 0x48,
    0x8d, 0x35, 0xd1, 0x11, 0x00, 0x00, 0x48, 0x39, 0xc8, 0x48, 0x0f, 0x47, 0xc1, 0x48, 0x8d, 0x0d,
    0x1c, 0x17, 0x00, 0x00, 0x48, 0x89, 0xcf, 0x48, 0x01, 0xc2, 0x66, 0x0f, 0x1f, 0x44, 0x00, 0x00,
    0xa4, 0x48, 0x39, 0xf2, 0x75, 0xfa, 0xc6, 0x04, 0x01, 0x00, 0xb8, 0xff, 0xff, 0xff, 0xff, 0xc7,
    0x05, 0xd7, 0x16, 0x00, 0x00, 0x01, 0x00, 0x00, 0x00, 0xeb, 0x90, 0x31, 0xc0, 0x48, 0x8d, 0x15,
    0x93, 0x11, 0x00, 0x00, 0x66, 0x66, 0x2e, 0x0f, 0x1f, 0x84, 0x00, 0x00, 0x00, 0x00, 0x00, 0x90,
    0x48, 0x83, 0xc0, 0x01, 0x80, 0x3c, 0x02, 0x00, 0x75, 0xf6, 0xb9, 0x7f, 0x00, 0x00, 0x00, 0x48,
    0x8d, 0x35, 0x71, 0x11, 0x00, 0x00, 0x48, 0x39, 0xc8, 0x48, 0x0f, 0x47, 0xc1, 0x48, 0x8d, 0x0d,
    0xbc, 0x16, 0x00, 0x00, 0x48, 0x89, 0xcf, 0x48, 0x01, 0xc2, 0x66, 0x0f, 0x1f, 0x44, 0x00, 0x00,
    0xa4, 0x48, 0x39, 0xf2, 0x75, 0xfa, 0xeb, 0x9e, 0x0f, 0x1f, 0x84, 0x00, 0x00, 0x00, 0x00, 0x00,
    0x8b, 0x05, 0x7a, 0x16, 0x00, 0x00, 0x85, 0xc0, 0x74, 0x16, 0xc7, 0x05, 0x6c, 0x16, 0x00, 0x00,
    0x00, 0x00, 0x00, 0x00, 0x48, 0x8d, 0x05, 0x85, 0x16, 0x00, 0x00, 0xc3, 0x0f, 0x1f, 0x40, 0x00,
    0x31, 0xc0, 0xc3, 0x66, 0x66, 0x2e, 0x0f, 0x1f, 0x84, 0x00, 0x00, 0x00, 0x00, 0x00, 0x66, 0x90,
    0x41, 0x57, 0x41, 0x56, 0x41, 0x55, 0x41, 0x54, 0x55, 0x53, 0x48, 0x81, 0xec, 0xb8, 0x02, 0x00,
    0x00, 0x48, 0x8b, 0x04, 0x24, 0x48, 0x8d, 0x50, 0x02, 0x48, 0x83, 0x3c, 0xd4, 0x00, 0x48, 0x8d,
    0x04, 0xd4, 0x74, 0x16, 0x66, 0x66, 0x2e, 0x0f, 0x1f, 0x84, 0x00, 0x00, 0x00, 0x00, 0x00, 0x90,
    0x48, 0x83, 0xc0, 0x08, 0x48, 0x83, 0x38, 0x00, 0x75, 0xf6, 0x48, 0x8d, 0x50, 0x08, 0x48, 0x8b,
    0x40, 0x08, 0x31, 0xdb, 0x45, 0x31, 0xe4, 0x45, 0x31, 0xf6, 0x31, 0xed, 0x45, 0x31, 0xd2, 0x45,
    0x31, 0xc9, 0x48, 0x85, 0xc0, 0x74, 0x36, 0x48, 0x8d, 0x0d, 0x62, 0x14, 0x00, 0x00, 0x66, 0x90,
    0x48, 0x83, 0xe8, 0x03, 0x48, 0x83, 0xf8, 0x06, 0x77, 0x16, 0x48, 0x63, 0x04, 0x81, 0x48, 0x01,
    0xc8, 0xff, 0xe0, 0x0f, 0x1f, 0x44, 0x00, 0x00, 0x4c, 0x8b, 0x72, 0x08, 0x0f, 0x1f, 0x40, 0x00,
    0x48, 0x8b, 0x42, 0x10, 0x48, 0x83, 0xc2, 0x10, 0x48, 0x85, 0xc0, 0x75, 0xd3, 0xb8, 0x01, 0x00,
    0x00, 0x00, 0x48, 0x8d, 0x0d, 0xa6, 0x12, 0x00, 0x00, 0x0f, 0x1f, 0x80, 0x00, 0x00, 0x00, 0x00,
    0x48, 0x89, 0xc2, 0x48, 0x83, 0xc0, 0x01, 0x80, 0x3c, 0x01, 0x00, 0x75, 0xf3, 0xb8, 0x01, 0x00,
    0x00, 0x00, 0x48, 0x63, 0xd2, 0x48, 0x8d, 0x35, 0x84, 0x12, 0x00, 0x00, 0x48, 0x89, 0xc7, 0x0f,
    0x05, 0xb8, 0x01, 0x00, 0x00, 0x00, 0x48, 0x8d, 0x0d, 0x61, 0x10, 0x00, 0x00, 0x0f, 0x1f, 0x00,
    0x48, 0x89, 0xc2, 0x48, 0x83, 0xc0, 0x01, 0x80, 0x3c, 0x01, 0x00, 0x75, 0xf3, 0xb8, 0x01, 0x00,
    0x00, 0x00, 0x48, 0x63, 0xd2, 0x48, 0x8d, 0x35, 0x43, 0x10, 0x00, 0x00, 0x48, 0x89, 0xc7, 0x0f,
    0x05, 0x4c, 0x89, 0xcf, 0xe8, 0xb7, 0xe7, 0xff, 0xff, 0xb8, 0x01, 0x00, 0x00, 0x00, 0x48, 0x8d,
    0x0d, 0x34, 0x10, 0x00, 0x00, 0x66, 0x66, 0x2e, 0x0f, 0x1f, 0x84, 0x00, 0x00, 0x00, 0x00, 0x00,
    0x48, 0x89, 0xc2, 0x48, 0x83, 0xc0, 0x01, 0x80, 0x3c, 0x01, 0x00, 0x75, 0xf3, 0xb8, 0x01, 0x00,
    0x00, 0x00, 0x48, 0x63, 0xd2, 0x48, 0x8d, 0x35, 0x0e, 0x10, 0x00, 0x00, 0x48, 0x89, 0xc7, 0x0f,
    0x05, 0x4c, 0x89, 0xd7, 0xe8, 0x77, 0xe7, 0xff, 0xff, 0xb8, 0x01, 0x00, 0x00, 0x00, 0x48, 0x8d,
    0x0d, 0xff, 0x0f, 0x00, 0x00, 0x66, 0x66, 0x2e, 0x0f, 0x1f, 0x84, 0x00, 0x00, 0x00, 0x00, 0x00,
    0x48, 0x89, 0xc2, 0x48, 0x83, 0xc0, 0x01, 0x80, 0x3c, 0x01, 0x00, 0x75, 0xf3, 0x41, 0xbd, 0x01,
    0x00, 0x00, 0x00, 0x48, 0x63, 0xd2, 0x48, 0x8d, 0x35, 0xd8, 0x0f, 0x00, 0x00, 0x4c, 0x89, 0xe8,
    0x4c, 0x89, 0xef, 0x0f, 0x05, 0x48, 0x89, 0xef, 0xe8, 0x33, 0xe7, 0xff, 0xff, 0x4c, 0x89, 0xe8,
    0x4c, 0x89, 0xef, 0x4c, 0x89, 0xea, 0x48, 0x8d, 0x35, 0x90, 0x0e, 0x00, 0x00, 0x0f, 0x05, 0xb8,
    0x01, 0x00, 0x00, 0x00, 0x48, 0x8d, 0x0d, 0xb4, 0x0f, 0x00, 0x00, 0x0f, 0x1f, 0x44, 0x00, 0x00,
    0x48, 0x89, 0xc2, 0x48, 0x83, 0xc0, 0x01, 0x80, 0x3c, 0x01, 0x00, 0x75, 0xf3, 0xb8, 0x01, 0x00,
    0x00, 0x00, 0x48, 0x63, 0xd2, 0x48, 0x8d, 0x35, 0x94, 0x0f, 0x00, 0x00, 0x48, 0x89, 0xc7, 0x0f,
    0x05, 0x4c, 0x89, 0xf7, 0xe8, 0xe7, 0xe6, 0xff, 0xff, 0xb8, 0x01, 0x00, 0x00, 0x00, 0x48, 0x8d,
    0x0d, 0x86, 0x0f, 0x00, 0x00, 0x66, 0x66, 0x2e, 0x0f, 0x1f, 0x84, 0x00, 0x00, 0x00, 0x00, 0x00,
    0x48, 0x89, 0xc2, 0x48, 0x83, 0xc0, 0x01, 0x80, 0x3c, 0x01, 0x00, 0x75, 0xf3, 0xb8, 0x01, 0x00,
    0x00, 0x00, 0x48, 0x63, 0xd2, 0x48, 0x8d, 0x35, 0x60, 0x0f, 0x00, 0x00, 0x48, 0x89, 0xc7, 0x0f,
    0x05, 0x4c, 0x89, 0xe7, 0xe8, 0xa7, 0xe6, 0xff, 0xff, 0xb8, 0x01, 0x00, 0x00, 0x00, 0x48, 0x8d,
    0x0d, 0x50, 0x0f, 0x00, 0x00, 0x66, 0x66, 0x2e, 0x0f, 0x1f, 0x84, 0x00, 0x00, 0x00, 0x00, 0x00,
    0x48, 0x89, 0xc2, 0x48, 0x83, 0xc0, 0x01, 0x80, 0x3c, 0x01, 0x00, 0x75, 0xf3, 0x41, 0xbc, 0x01,
    0x00, 0x00, 0x00, 0x48, 0x63, 0xd2, 0x48, 0x8d, 0x35, 0x29, 0x0f, 0x00, 0x00, 0x4c, 0x89, 0xe0,
    0x4c, 0x89, 0xe7, 0x0f, 0x05, 0x48, 0x89, 0xdf, 0xe8, 0x63, 0xe6, 0xff, 0xff, 0x4c, 0x89, 0xe0,
    0x4c, 0x89, 0xe7, 0x4c, 0x89, 0xe2, 0x48, 0x8d, 0x35, 0xc0, 0x0d, 0x00, 0x00, 0x0f, 0x05, 0x4d,
    0x85, 0xc9, 0x0f, 0x94, 0xc0, 0x4d, 0x85, 0xd2, 0x0f, 0x94, 0xc2, 0x08, 0xd0, 0x0f, 0x85, 0x86,
    0x01, 0x00, 0x00, 0x4d, 0x85, 0xf6, 0x0f, 0x84, 0x7d, 0x01, 0x00, 0x00, 0x4c, 0x89, 0xc8, 0x31,
    0xd2, 0x31, 0xdb, 0xeb, 0x0f, 0x0f, 0x1f, 0x00, 0x48, 0x83, 0xc2, 0x01, 0x48, 0x01, 0xe8, 0x4c,
    0x39, 0xd2, 0x73, 0x2a, 0x8b, 0x08, 0x83, 0xf9, 0x06, 0x0f, 0x84, 0x58, 0x0c, 0x00, 0x00, 0x83,
    0xf9, 0x01, 0x75, 0xe4, 0x48, 0x83, 0x78, 0x08, 0x00, 0x75, 0xdd, 0x48, 0x83, 0xc2, 0x01, 0x4c,
    0x89, 0xcb, 0x48, 0x2b, 0x58, 0x10, 0x48, 0x01, 0xe8, 0x4c, 0x39, 0xd2, 0x72, 0xd6, 0x48, 0x85,
    0xdb, 0x75, 0x14, 0x49, 0x83, 0xf9, 0x40, 0x76, 0x0e, 0x41, 0x81, 0x79, 0xc0, 0x7f, 0x45, 0x4c,
    0x46, 0x0f, 0x84, 0x2c, 0x0c, 0x00, 0x00, 0xb8, 0x01, 0x00, 0x00, 0x00, 0x48, 0x8d, 0x0d, 0x8e,
    0x0e, 0x00, 0x00, 0x66, 0x66, 0x2e, 0x0f, 0x1f, 0x84, 0x00, 0x00, 0x00, 0x00, 0x00, 0x66, 0x90,
    0x48, 0x89, 0xc2, 0x48, 0x83, 0xc0, 0x01, 0x80, 0x3c, 0x01, 0x00, 0x75, 0xf3, 0x41, 0xbc, 0x01,
    0x00, 0x00, 0x00, 0x48, 0x63, 0xd2, 0x48, 0x8d, 0x35, 0x65, 0x0e, 0x00, 0x00, 0x4c, 0x89, 0xe0,
    0x4c, 0x89, 0xe7, 0x0f, 0x05, 0x48, 0x89, 0xdf, 0xe8, 0x93, 0xe5, 0xff, 0xff, 0x4c, 0x89, 0xe0,
    0x4c, 0x89, 0xe7, 0x4c, 0x89, 0xe2, 0x48, 0x8d, 0x35, 0xf0, 0x0c, 0x00, 0x00, 0x0f, 0x05, 0x31,
    0xc0, 0x66, 0x66, 0x2e, 0x0f, 0x1f, 0x84, 0x00, 0x00, 0x00, 0x00, 0x00, 0x66, 0x66, 0x2e, 0x0f,
    0x1f, 0x84, 0x00, 0x00, 0x00, 0x00, 0x00, 0x66, 0x0f, 0x1f, 0x84, 0x00, 0x00, 0x00, 0x00, 0x00,
    0x41, 0x83, 0x39, 0x02, 0x0f, 0x84, 0xe0, 0x00, 0x00, 0x00, 0x48, 0x83, 0xc0, 0x01, 0x49, 0x01,
    0xe9, 0x4c, 0x39, 0xd0, 0x72, 0xea, 0xb8, 0x01, 0x00, 0x00, 0x00, 0x48, 0x8d, 0x0d, 0x25, 0x10,
    0x00, 0x00, 0x66, 0x66, 0x2e, 0x0f, 0x1f, 0x84, 0x00, 0x00, 0x00, 0x00, 0x00, 0x0f, 0x1f, 0x00,
    0x48, 0x89, 0xc2, 0x48, 0x83, 0xc0, 0x01, 0x80, 0x3c, 0x01, 0x00, 0x75, 0xf3, 0xb8, 0x01, 0x00,
    0x00, 0x00, 0x48, 0x63, 0xd2, 0x48, 0x8d, 0x35, 0xfc, 0x0f, 0x00, 0x00, 0x48, 0x89, 0xc7, 0x0f,
    0x05, 0xe9, 0x9b, 0x09, 0x00, 0x00, 0x66, 0x2e, 0x0f, 0x1f, 0x84, 0x00, 0x00, 0x00, 0x00, 0x00,
    0x48, 0x8b, 0x6a, 0x08, 0xe9, 0xc7, 0xfc, 0xff, 0xff, 0x0f, 0x1f, 0x80, 0x00, 0x00, 0x00, 0x00,
    0x4c, 0x8b, 0x4a, 0x08, 0xe9, 0xb7, 0xfc, 0xff, 0xff, 0x0f, 0x1f, 0x80, 0x00, 0x00, 0x00, 0x00,
    0x48, 0x8b, 0x5a, 0x08, 0xe9, 0xa7, 0xfc, 0xff, 0xff, 0x0f, 0x1f, 0x80, 0x00, 0x00, 0x00, 0x00,
    0x4c, 0x8b, 0x52, 0x08, 0xe9, 0x97, 0xfc, 0xff, 0xff, 0x0f, 0x1f, 0x80, 0x00, 0x00, 0x00, 0x00,
    0x4c, 0x8b, 0x62, 0x08, 0xe9, 0x87, 0xfc, 0xff, 0xff, 0xb8, 0x01, 0x00, 0x00, 0x00, 0x48, 0x8d,
    0x0d, 0x62, 0x0f, 0x00, 0x00, 0x66, 0x66, 0x2e, 0x0f, 0x1f, 0x84, 0x00, 0x00, 0x00, 0x00, 0x00,
    0x48, 0x89, 0xc2, 0x48, 0x83, 0xc0, 0x01, 0x80, 0x3c, 0x01, 0x00, 0x75, 0xf3, 0xb8, 0x01, 0x00,
    0x00, 0x00, 0x48, 0x63, 0xd2, 0x48, 0x8d, 0x35, 0x3c, 0x0f, 0x00, 0x00, 0x48, 0x89, 0xc7, 0x0f,
    0x05, 0xb8, 0xe7, 0x00, 0x00, 0x00, 0x31, 0xff, 0x0f, 0x05, 0x49, 0x89, 0xdc, 0x4d, 0x03, 0x61,
    0x10, 0x0f, 0x84, 0x1f, 0xff, 0xff, 0xff, 0x45, 0x31, 0xd2, 0x45, 0x31, 0xdb, 0x48, 0x8d, 0x54,
    0x24, 0x70, 0x48, 0x89, 0xde, 0x48, 0x8d, 0x84, 0x24, 0xb0, 0x00, 0x00, 0x00, 0x4c, 0x8d, 0x44,
    0x24, 0x68, 0x4c, 0x89, 0xe7, 0x44, 0x89, 0x54, 0x24, 0x68, 0x48, 0x89, 0xc1, 0x41, 0xb9, 0x08,
    0x00, 0x00, 0x00, 0x48, 0x89, 0x44, 0x24, 0x08, 0x4c, 0x89, 0x9c, 0x24, 0x80, 0x00, 0x00, 0x00,
    0xe8, 0xbb, 0xe7, 0xff, 0xff, 0xf3, 0x0f, 0x6f, 0x4c, 0x24, 0x78, 0x49, 0x8b, 0x04, 0x24, 0x8b,
    0x54, 0x24, 0x68, 0x0f, 0x17, 0x4c, 0x24, 0x50, 0x66, 0x0f, 0xd6, 0x4c, 0x24, 0x58, 0x48, 0x85,
    0xc0, 0x0f, 0x84, 0x6c, 0x0a, 0x00, 0x00, 0x45, 0x31, 0xc9, 0x31, 0xc9, 0x45, 0x31, 0xd2, 0x31,
    0xed, 0x4c, 0x89, 0x4c, 0x24, 0x18, 0xeb, 0x2a, 0x0f, 0x1f, 0x84, 0x00, 0x00, 0x00, 0x00, 0x00,
    0x48, 0x83, 0xf8, 0x02, 0x74, 0x3b, 0x48, 0x83, 0xf8, 0x07, 0x75, 0x08, 0x49, 0x8b, 0x6c, 0x24,
    0x08, 0x48, 0x01, 0xdd, 0x49, 0x8b, 0x44, 0x24, 0x10, 0x49, 0x83, 0xc4, 0x10, 0x48, 0x85, 0xc0,
    0x74, 0x2b, 0x48, 0x83, 0xf8, 0x08, 0x74, 0x12, 0x7e, 0xd6, 0x48, 0x83, 0xf8, 0x17, 0x75, 0xe4,
    0x4d, 0x8b, 0x54, 0x24, 0x08, 0x49, 0x01, 0xda, 0xeb, 0xda, 0x49, 0x8b, 0x4c, 0x24, 0x08, 0xeb,
    0xd3, 0x49, 0x8b, 0x44, 0x24, 0x08, 0x48, 0x89, 0x44, 0x24, 0x18, 0xeb, 0xc7, 0x85, 0xd2, 0x0f,
    0x8e, 0x1d, 0x0a, 0x00, 0x00, 0x31, 0xff, 0x45, 0x31, 0xdb, 0x4c, 0x89, 0x74, 0x24, 0x28, 0x41,
    0xbc, 0x01, 0x00, 0x00, 0x00, 0x48, 0x89, 0x3c, 0x24, 0x4c, 0x8d, 0x3d, 0x4e, 0x0c, 0x00, 0x00,
    0x48, 0x89, 0x5c, 0x24, 0x30, 0x48, 0x89, 0x6c, 0x24, 0x38, 0x4c, 0x89, 0x54, 0x24, 0x40, 0x48,
    0x89, 0x4c, 0x24, 0x48, 0x44, 0x89, 0x5c, 0x24, 0x14, 0x0f, 0x1f, 0x80, 0x00, 0x00, 0x00, 0x00,
    0xb8, 0x01, 0x00, 0x00, 0x00, 0x66, 0x66, 0x2e, 0x0f, 0x1f, 0x84, 0x00, 0x00, 0x00, 0x00, 0x00,
    0x48, 0x89, 0xc2, 0x48, 0x83, 0xc0, 0x01, 0x41, 0x80, 0x3c, 0x07, 0x00, 0x75, 0xf2, 0x48, 0x63,
    0xd2, 0x4c, 0x89, 0xe0, 0x48, 0x8d, 0x35, 0x04, 0x0c, 0x00, 0x00, 0x4c, 0x89, 0xe7, 0x0f, 0x05,
    0x48, 0x8b, 0x44, 0x24, 0x08, 0x48, 0x8b, 0x1c, 0x24, 0x48, 0x8b, 0x34, 0xd8, 0x80, 0x3e, 0x00,
    0x0f, 0x84, 0x53, 0x09, 0x00, 0x00, 0xb8, 0x01, 0x00, 0x00, 0x00, 0x0f, 0x1f, 0x44, 0x00, 0x00,
    0x48, 0x89, 0xc2, 0x48, 0x83, 0xc0, 0x01, 0x80, 0x7c, 0x06, 0xff, 0x00, 0x75, 0xf2, 0x48, 0x63,
    0xd2, 0x4c, 0x89, 0xe0, 0x4c, 0x89, 0xe7, 0x0f, 0x05, 0x48, 0x8d, 0x35, 0x5d, 0x0a, 0x00, 0x00,
    0x4c, 0x89, 0xe0, 0x4c, 0x89, 0xe2, 0x0f, 0x05, 0x48, 0x8b, 0x44, 0x24, 0x08, 0x48, 0x8b, 0x1c,
    0x24, 0x66, 0x0f, 0xef, 0xc0, 0x31, 0xd2, 0x48, 0x89, 0x94, 0x24, 0x38, 0x01, 0x00, 0x00, 0x48,
    0x8b, 0x34, 0xd8, 0x0f, 0x29, 0x84, 0x24, 0x40, 0x01, 0x00, 0x00, 0x48, 0xb8, 0x2f, 0x6c, 0x69,
    0x62, 0x2f, 0x00, 0x00, 0x00, 0x48, 0x89, 0x84, 0x24, 0x30, 0x01, 0x00, 0x00, 0x31, 0xc0, 0x0f,
    0x29, 0x84, 0x24, 0x50, 0x01, 0x00, 0x00, 0x0f, 0x29, 0x84, 0x24, 0x60, 0x01, 0x00, 0x00, 0x0f,
    0x29, 0x84, 0x24, 0x70, 0x01, 0x00, 0x00, 0x0f, 0x29, 0x84, 0x24, 0x80, 0x01, 0x00, 0x00, 0x0f,
    0x29, 0x84, 0x24, 0x90, 0x01, 0x00, 0x00, 0x0f, 0x29, 0x84, 0x24, 0xa0, 0x01, 0x00, 0x00, 0x80,
    0x3e, 0x00, 0x74, 0x27, 0x66, 0x66, 0x2e, 0x0f, 0x1f, 0x84, 0x00, 0x00, 0x00, 0x00, 0x00, 0x90,
    0x48, 0x89, 0xc2, 0x48, 0x83, 0xc0, 0x01, 0x80, 0x3c, 0x06, 0x00, 0x75, 0xf3, 0x48, 0x83, 0xc2,
    0x06, 0x48, 0x83, 0xfa, 0x7f, 0x0f, 0x87, 0xf3, 0x07, 0x00, 0x00, 0x48, 0x8d, 0x44, 0x06, 0x01,
    0x48, 0x8d, 0xbc, 0x24, 0x35, 0x01, 0x00, 0x00, 0x0f, 0x1f, 0x84, 0x00, 0x00, 0x00, 0x00, 0x00,
    0xa4, 0x48, 0x39, 0xc6, 0x75, 0xfa, 0xb8, 0x01, 0x00, 0x00, 0x00, 0x48, 0x8d, 0x0d, 0x12, 0x0b,
    0x00, 0x00, 0x66, 0x66, 0x2e, 0x0f, 0x1f, 0x84, 0x00, 0x00, 0x00, 0x00, 0x00, 0x0f, 0x1f, 0x00,
    0x48, 0x89, 0xc2, 0x48, 0x83, 0xc0, 0x01, 0x80, 0x3c, 0x01, 0x00, 0x75, 0xf3, 0x48, 0x63, 0xd2,
    0x4c, 0x89, 0xe0, 0x48, 0x8d, 0x35, 0xeb, 0x0a, 0x00, 0x00, 0x4c, 0x89, 0xe7, 0x0f, 0x05, 0x80,
    0xbc, 0x24, 0x30, 0x01, 0x00, 0x00, 0x00, 0x0f, 0x84, 0x33, 0x08, 0x00, 0x00, 0xb8, 0x01, 0x00,
    0x00, 0x00, 0x48, 0x8d, 0x8c, 0x24, 0x2f, 0x01, 0x00, 0x00, 0x66, 0x0f, 0x1f, 0x44, 0x00, 0x00,
    0x48, 0x89, 0xc2, 0x48, 0x83, 0xc0, 0x01, 0x80, 0x3c, 0x01, 0x00, 0x75, 0xf3, 0x4c, 0x8d, 0x84,
    0x24, 0x30, 0x01, 0x00, 0x00, 0x48, 0x63, 0xd2, 0x4c, 0x89, 0xe0, 0x4c, 0x89, 0xe7, 0x4c, 0x89,
    0xc6, 0x0f, 0x05, 0x48, 0x8d, 0x35, 0x23, 0x09, 0x00, 0x00, 0x4c, 0x89, 0xe0, 0x4c, 0x89, 0xe2,
    0x0f, 0x05, 0x45, 0x31, 0xf6, 0xb8, 0x02, 0x00, 0x00, 0x00, 0x4c, 0x89, 0xc7, 0x4c, 0x89, 0xf6,
    0x4c, 0x89, 0xf2, 0x0f, 0x05, 0x49, 0x89, 0xc5, 0x48, 0x85, 0xc0, 0x0f, 0x88, 0x28, 0x08, 0x00,
    0x00, 0x48, 0x8d, 0xac, 0x24, 0xf0, 0x00, 0x00, 0x00, 0xba, 0x40, 0x00, 0x00, 0x00, 0x4c, 0x89,
    0xf0, 0x4c, 0x89, 0xef, 0x48, 0x89, 0xee, 0x0f, 0x05, 0x48, 0x83, 0xf8, 0x3f, 0x0f, 0x8e, 0xb5,
    0x08, 0x00, 0x00, 0x81, 0xbc, 0x24, 0xf0, 0x00, 0x00, 0x00, 0x7f, 0x45, 0x4c, 0x46, 0x0f, 0x85,
    0x91, 0x08, 0x00, 0x00, 0x45, 0x31, 0xc9, 0xb8, 0x09, 0x00, 0x00, 0x00, 0x4c, 0x89, 0xf7, 0xbe,
    0x00, 0x00, 0x04, 0x00, 0x41, 0xba, 0x22, 0x00, 0x00, 0x00, 0x49, 0xc7, 0xc0, 0xff, 0xff, 0xff,
    0xff, 0xba, 0x03, 0x00, 0x00, 0x00, 0x0f, 0x05, 0x48, 0x89, 0xc3, 0x48, 0x85, 0xc0, 0x0f, 0x88,
    0xb6, 0x07, 0x00, 0x00, 0x48, 0x8d, 0x70, 0x40, 0x48, 0x29, 0xc5, 0x0f, 0x1f, 0x44, 0x00, 0x00,
    0x48, 0x89, 0xc2, 0x0f, 0xb6, 0x0c, 0x28, 0x48, 0x83, 0xc0, 0x01, 0x88, 0x0a, 0x48, 0x39, 0xf0,
    0x75, 0xee, 0xbd, 0x40, 0x00, 0x00, 0x00, 0x45, 0x31, 0xc9, 0x41, 0xb8, 0x00, 0x00, 0x04, 0x00,
    0x4c, 0x89, 0xef, 0x66, 0x66, 0x2e, 0x0f, 0x1f, 0x84, 0x00, 0x00, 0x00, 0x00, 0x00, 0x66, 0x90,
    0x4c, 0x89, 0xc2, 0x48, 0x8d, 0x34, 0x2b, 0x4c, 0x89, 0xc8, 0x48, 0x29, 0xea, 0x0f, 0x05, 0x48,
    0x85, 0xc0, 0x7e, 0x0c, 0x48, 0x01, 0xc5, 0x48, 0x81, 0xfd, 0xff, 0xff, 0x03, 0x00, 0x76, 0xe0,
    0xb8, 0x03, 0x00, 0x00, 0x00, 0x0f, 0x05, 0x44, 0x0f, 0xb7, 0x43, 0x38, 0x66, 0x45, 0x85, 0xc0,
    0x0f, 0x84, 0x3e, 0x06, 0x00, 0x00, 0x48, 0x8b, 0x43, 0x20, 0x44, 0x0f, 0xb7, 0x53, 0x36, 0x31,
    0xf6, 0x31, 0xd2, 0x49, 0xc7, 0xc6, 0xff, 0xff, 0xff, 0xff, 0x4c, 0x8d, 0x4b, 0xc8, 0x48, 0x83,
    0xc0, 0x38, 0xeb, 0x2e, 0x0f, 0x1f, 0x40, 0x00, 0x49, 0x8d, 0x0c, 0x01, 0x83, 0x39, 0x01, 0x75,
    0x16, 0x48, 0x8b, 0x79, 0x10, 0x49, 0x39, 0xfe, 0x4c, 0x0f, 0x47, 0xf7, 0x48, 0x03, 0x79, 0x28,
    0x48, 0x39, 0xfe, 0x48, 0x0f, 0x42, 0xf7, 0x83, 0xc2, 0x01, 0x4c, 0x01, 0xd0, 0x44, 0x39, 0xc2,
    0x74, 0x05, 0x48, 0x39, 0xc5, 0x73, 0xd1, 0x49, 0x83, 0xfe, 0xff, 0x0f, 0x84, 0xe3, 0x05, 0x00,
    0x00, 0x48, 0x85, 0xf6, 0x0f, 0x84, 0xda, 0x05, 0x00, 0x00, 0x41, 0xba, 0x22, 0x00, 0x00, 0x00,
    0x45, 0x31, 0xc9, 0xb8, 0x09, 0x00, 0x00, 0x00, 0x31, 0xff, 0x48, 0x81, 0xc6, 0xff, 0x0f, 0x00,
    0x00, 0x49, 0x81, 0xe6, 0x00, 0xf0, 0xff, 0xff, 0xba, 0x03, 0x00, 0x00, 0x00, 0x49, 0xc7, 0xc0,
    0xff, 0xff, 0xff, 0xff, 0x48, 0x81, 0xe6, 0x00, 0xf0, 0xff, 0xff, 0x4c, 0x29, 0xf6, 0x0f, 0x05,
    0x48, 0x85, 0xc0, 0x0f, 0x88, 0x30, 0x07, 0x00, 0x00, 0x4c, 0x29, 0xf0, 0x66, 0x83, 0x7b, 0x38,
    0x00, 0x49, 0x89, 0xc5, 0x0f, 0x84, 0x0f, 0x05, 0x00, 0x00, 0x31, 0xf6, 0xeb, 0x0e, 0x66, 0x90,
    0x0f, 0xb7, 0x4b, 0x38, 0x48, 0x83, 0xc6, 0x01, 0x39, 0xf1, 0x7e, 0x74, 0x0f, 0xb7, 0x43, 0x36,
    0x48, 0x0f, 0xaf, 0xc6, 0x48, 0x03, 0x43, 0x20, 0x48, 0x8d, 0x50, 0x38, 0x48, 0x39, 0xd5, 0x0f,
    0x82, 0xdb, 0x04, 0x00, 0x00, 0x48, 0x01, 0xd8, 0x83, 0x38, 0x01, 0x75, 0xd3, 0x48, 0x8b, 0x78,
    0x10, 0x48, 0x8b, 0x50, 0x20, 0x4c, 0x01, 0xef, 0x48, 0x85, 0xd2, 0x74, 0x11, 0x4c, 0x8b, 0x40,
    0x08, 0x4a, 0x8d, 0x0c, 0x02, 0x48, 0x39, 0xcd, 0x0f, 0x83, 0x72, 0x04, 0x00, 0x00, 0x48, 0x8b,
    0x48, 0x28, 0x48, 0x39, 0xca, 0x73, 0xa9, 0x48, 0x8d, 0x04, 0x17, 0x48, 0x8d, 0x14, 0x0f, 0x90,
    0x48, 0x89, 0xc1, 0x48, 0x83, 0xc0, 0x01, 0xc6, 0x01, 0x00, 0x48, 0x39, 0xd0, 0x75, 0xf1, 0x0f,
    0xb7, 0x4b, 0x38, 0x48, 0x83, 0xc6, 0x01, 0x39, 0xf1, 0x7f, 0x91, 0x0f, 0x1f, 0x44, 0x00, 0x00,
    0x85, 0xc9, 0x0f, 0x84, 0x81, 0x04, 0x00, 0x00, 0x45, 0x31, 0xc0, 0xeb, 0x73, 0x0f, 0x1f, 0x00,
    0x48, 0x01, 0xd8, 0x83, 0x38, 0x01, 0x75, 0x5b, 0x8b, 0x48, 0x04, 0x89, 0xca, 0xc1, 0xea, 0x02,
    0x83, 0xe2, 0x01, 0x41, 0x89, 0xd1, 0x41, 0x83, 0xc9, 0x02, 0xf6, 0xc1, 0x02, 0x44, 0x0f, 0x44,
    0xca, 0x48, 0x8b, 0x50, 0x10, 0x48, 0x8b, 0x40, 0x28, 0x83, 0xe1, 0x01, 0x4c, 0x01, 0xea, 0x48,
    0x8d, 0xb4, 0x02, 0xff, 0x0f, 0x00, 0x00, 0x48, 0x89, 0xd7, 0xb8, 0x0a, 0x00, 0x00, 0x00, 0x8d,
    0x14, 0x8d, 0x00, 0x00, 0x00, 0x00, 0x48, 0x81, 0xe7, 0x00, 0xf0, 0xff, 0xff, 0x48, 0x81, 0xe6,
    0x00, 0xf0, 0xff, 0xff, 0x44, 0x09, 0xca, 0x48, 0x29, 0xfe, 0x48, 0x63, 0xd2, 0x0f, 0x05, 0x0f,
    0xb7, 0x4b, 0x38, 0x49, 0x83, 0xc0, 0x01, 0x44, 0x39, 0xc1, 0x0f, 0x8e, 0x60, 0x04, 0x00, 0x00,
    0x0f, 0xb7, 0x73, 0x36, 0x48, 0x8b, 0x53, 0x20, 0x48, 0x89, 0xf0, 0x49, 0x0f, 0xaf, 0xc0, 0x48,
    0x01, 0xd0, 0x48, 0x8d, 0x78, 0x38, 0x48, 0x39, 0xfd, 0x0f, 0x83, 0x71, 0xff, 0xff, 0xff, 0x48,
    0x8d, 0x42, 0x38, 0x4c, 0x8d, 0x43, 0xc8, 0x31, 0xd2, 0xeb, 0x1c, 0x0f, 0x1f, 0x44, 0x00, 0x00,
    0x49, 0x8d, 0x3c, 0x00, 0x83, 0x3f, 0x02, 0x0f, 0x84, 0x3b, 0x04, 0x00, 0x00, 0x83, 0xc2, 0x01,
    0x48, 0x01, 0xf0, 0x39, 0xca, 0x74, 0x05, 0x48, 0x39, 0xc5, 0x73, 0xe4, 0x31, 0xed, 0x45, 0x31,
    0xd2, 0x45, 0x31, 0xc0, 0x45, 0x31, 0xc9, 0xb8, 0x0b, 0x00, 0x00, 0x00, 0xbe, 0x00, 0x00, 0x04,
    0x00, 0x31, 0xd2, 0x48, 0x89, 0xdf, 0x0f, 0x05, 0x48, 0x85, 0xed, 0x0f, 0x84, 0xbf, 0x03, 0x00,
    0x00, 0x48, 0x63, 0x5c, 0x24, 0x14, 0x4c, 0x8d, 0x44, 0x24, 0x6c, 0x4c, 0x89, 0xee, 0x48, 0x89,
    0xef, 0x48, 0x8d, 0x8c, 0x24, 0x90, 0x00, 0x00, 0x00, 0x41, 0xb9, 0x04, 0x00, 0x00, 0x00, 0xc7,
    0x44, 0x24, 0x6c, 0x00, 0x00, 0x00, 0x00, 0x48, 0x89, 0xd8, 0x48, 0xc1, 0xe0, 0x05, 0x48, 0x8d,
    0x94, 0x04, 0xb0, 0x01, 0x00, 0x00, 0xe8, 0xe5, 0xe1, 0xff, 0xff, 0x48, 0x8b, 0x55, 0x00, 0x48,
    0x85, 0xd2, 0x0f, 0x84, 0xe8, 0x00, 0x00, 0x00, 0x45, 0x31, 0xf6, 0x45, 0x31, 0xd2, 0x31, 0xc0,
    0x31, 0xff, 0xeb, 0x28, 0x0f, 0x1f, 0x40, 0x00, 0x48, 0x83, 0xfa, 0x02, 0x0f, 0x84, 0xce, 0x02,
    0x00, 0x00, 0x48, 0x83, 0xfa, 0x07, 0x75, 0x07, 0x48, 0x8b, 0x7d, 0x08, 0x4c, 0x01, 0xef, 0x48,
    0x8b, 0x55, 0x10, 0x48, 0x83, 0xc5, 0x10, 0x48, 0x85, 0xd2, 0x74, 0x26, 0x48, 0x83, 0xfa, 0x08,
    0x0f, 0x84, 0xba, 0x02, 0x00, 0x00, 0x7e, 0xd0, 0x48, 0x83, 0xfa, 0x17, 0x75, 0xe1, 0x4c, 0x8b,
    0x55, 0x08, 0x48, 0x8b, 0x55, 0x10, 0x48, 0x83, 0xc5, 0x10, 0x4d, 0x01, 0xea, 0x48, 0x85, 0xd2,
    0x75, 0xda, 0x48, 0x85, 0xff, 0x74, 0x43, 0x48, 0x85, 0xc0, 0x74, 0x3e, 0xbe, 0x18, 0x00, 0x00,
    0x00, 0x31, 0xd2, 0x48, 0x89, 0xd9, 0x4c, 0x89, 0x54, 0x24, 0x20, 0x48, 0xf7, 0xf6, 0x48, 0xc1,
    0xe1, 0x05, 0x45, 0x31, 0xc9, 0x52, 0x48, 0x89, 0xc6, 0x4c, 0x89, 0xea, 0x6a, 0x00, 0x4c, 0x8b,
    0x84, 0x0c, 0xd0, 0x01, 0x00, 0x00, 0x48, 0x8b, 0x8c, 0x0c, 0xc8, 0x01, 0x00, 0x00, 0xe8, 0x7d,
    0xde, 0xff, 0xff, 0x59, 0x5e, 0x4c, 0x8b, 0x54, 0x24, 0x20, 0x4d, 0x85, 0xd2, 0x74, 0x41, 0x4d,
    0x85, 0xf6, 0x74, 0x3c, 0xb9, 0x18, 0x00, 0x00, 0x00, 0x4c, 0x89, 0xf0, 0x31, 0xd2, 0x48, 0xc1,
    0xe3, 0x05, 0x48, 0xf7, 0xf1, 0x41, 0x53, 0x6a, 0x00, 0x4c, 0x8b, 0x84, 0x1c, 0xd0, 0x01, 0x00,
    0x00, 0x48, 0x8b, 0x8c, 0x1c, 0xc8, 0x01, 0x00, 0x00, 0x45, 0x31, 0xc9, 0x4c, 0x89, 0xea, 0x4c,
    0x89, 0xd7, 0x48, 0x89, 0xc6, 0xe8, 0x36, 0xde, 0xff, 0xff, 0x5b, 0x5d, 0x0f, 0x1f, 0x40, 0x00,
    0xb8, 0x01, 0x00, 0x00, 0x00, 0x48, 0x8d, 0x0d, 0x7c, 0x06, 0x00, 0x00, 0x0f, 0x1f, 0x40, 0x00,
    0x48, 0x89, 0xc2, 0x48, 0x83, 0xc0, 0x01, 0x80, 0x3c, 0x01, 0x00, 0x75, 0xf3, 0x48, 0x63, 0xd2,
    0x4c, 0x89, 0xe0, 0x48, 0x8d, 0x35, 0x5f, 0x06, 0x00, 0x00, 0x4c, 0x89, 0xe7, 0x0f, 0x05, 0x4c,
    0x89, 0xef, 0xe8, 0x29, 0xdd, 0xff, 0xff, 0x4c, 0x89, 0xe0, 0x4c, 0x89, 0xe7, 0x4c, 0x89, 0xe2,
    0x48, 0x8d, 0x35, 0x86, 0x04, 0x00, 0x00, 0x0f, 0x05, 0x83, 0x44, 0x24, 0x14, 0x01, 0x48, 0x83,
    0x04, 0x24, 0x01, 0x48, 0x8b, 0x04, 0x24, 0x39, 0x44, 0x24, 0x68, 0x0f, 0x8f, 0x9f, 0xf9, 0xff,
    0xff, 0x4c, 0x8b, 0x74, 0x24, 0x28, 0x48, 0x8b, 0x5c, 0x24, 0x30, 0x48, 0x8b, 0x6c, 0x24, 0x38,
    0x4c, 0x8b, 0x54, 0x24, 0x40, 0x48, 0x8b, 0x4c, 0x24, 0x48, 0x44, 0x8b, 0x5c, 0x24, 0x14, 0x48,
    0x85, 0xed, 0x74, 0x4c, 0x48, 0x85, 0xc9, 0x74, 0x47, 0xbe, 0x18, 0x00, 0x00, 0x00, 0x48, 0x89,
    0xc8, 0x31, 0xd2, 0x4c, 0x89, 0x54, 0x24, 0x08, 0x48, 0xf7, 0xf6, 0x57, 0x41, 0x53, 0x4c, 0x8b,
    0x44, 0x24, 0x60, 0x48, 0x8b, 0x4c, 0x24, 0x68, 0x44, 0x89, 0x5c, 0x24, 0x10, 0x4c, 0x8d, 0x8c,
    0x24, 0xc0, 0x01, 0x00, 0x00, 0x48, 0x89, 0xda, 0x48, 0x89, 0xef, 0x48, 0x89, 0xc6, 0xe8, 0x6d,
    0xdd, 0xff, 0xff, 0x41, 0x58, 0x41, 0x59, 0x44, 0x8b, 0x1c, 0x24, 0x4c, 0x8b, 0x54, 0x24, 0x08,
    0x4d, 0x85, 0xd2, 0x74, 0x45, 0x48, 0x83, 0x7c, 0x24, 0x18, 0x00, 0x74, 0x3d, 0x48, 0x8b, 0x44,
    0x24, 0x18, 0xb9, 0x18, 0x00, 0x00, 0x00, 0x31, 0xd2, 0x4c, 0x89, 0xd7, 0x48, 0xf7, 0xf1, 0x48,
    0x89, 0xda, 0x48, 0x89, 0xc6, 0x50, 0x41, 0x53, 0x4c, 0x8b, 0x44, 0x24, 0x60, 0x48, 0x8b, 0x4c,
    0x24, 0x68, 0x4c, 0x8d, 0x8c, 0x24, 0xc0, 0x01, 0x00, 0x00, 0x44, 0x89, 0x5c, 0x24, 0x10, 0xe8,
    0x1c, 0xdd, 0xff, 0xff, 0x5a, 0x59, 0x44, 0x8b, 0x1c, 0x24, 0x0f, 0x11, 0x4c, 0x24, 0x78, 0x66,
    0x0f, 0x6f, 0x44, 0x24, 0x70, 0xc7, 0x05, 0x91, 0x09, 0x00, 0x00, 0x01, 0x00, 0x00, 0x00, 0x0f,
    0x29, 0x05, 0xaa, 0x09, 0x00, 0x00, 0x66, 0x0f, 0x6f, 0x84, 0x24, 0x80, 0x00, 0x00, 0x00, 0x0f,
    0x29, 0x05, 0xaa, 0x09, 0x00, 0x00, 0x45, 0x85, 0xdb, 0x74, 0x5a, 0x31, 0xc0, 0x31, 0xd2, 0x48,
    0x8d, 0xb4, 0x24, 0xb0, 0x01, 0x00, 0x00, 0x48, 0x8d, 0x0d, 0x62, 0x08, 0x00, 0x00, 0xeb, 0x25,
    0x66, 0x66, 0x2e, 0x0f, 0x1f, 0x84, 0x00, 0x00, 0x00, 0x00, 0x00, 0x66, 0x66, 0x2e, 0x0f, 0x1f,
    0x84, 0x00, 0x00, 0x00, 0x00, 0x00, 0x66, 0x2e, 0x0f, 0x1f, 0x84, 0x00, 0x00, 0x00, 0x00, 0x00,
    0x83, 0xfa, 0x08, 0x74, 0x20, 0x66, 0x0f, 0x6f, 0x04, 0x06, 0x83, 0xc2, 0x01, 0x0f, 0x29, 0x04,
    0x01, 0x66, 0x0f, 0x6f, 0x44, 0x06, 0x10, 0x0f, 0x29, 0x44, 0x01, 0x10, 0x48, 0x83, 0xc0, 0x20,
    0x44, 0x39, 0xda, 0x7c, 0xdb, 0xb8, 0x08, 0x00, 0x00, 0x00, 0x48, 0x8d, 0x0d, 0x16, 0x07, 0x00,
    0x00, 0x41, 0x39, 0xc3, 0x41, 0x0f, 0x4e, 0xc3, 0x89, 0x05, 0xe2, 0x07, 0x00, 0x00, 0xb8, 0x01,
    0x00, 0x00, 0x00, 0x66, 0x66, 0x2e, 0x0f, 0x1f, 0x84, 0x00, 0x00, 0x00, 0x00, 0x00, 0x66, 0x90,
    0x48, 0x89, 0xc2, 0x48, 0x83, 0xc0, 0x01, 0x80, 0x3c, 0x01, 0x00, 0x75, 0xf3, 0xb8, 0x01, 0x00,
    0x00, 0x00, 0x48, 0x63, 0xd2, 0x48, 0x8d, 0x35, 0xdc, 0x06, 0x00, 0x00, 0x48, 0x89, 0xc7, 0x0f,
    0x05, 0x48, 0x89, 0xe4, 0x48, 0x31, 0xd2, 0x41, 0xff, 0xe6, 0x66, 0x0f, 0x1f, 0x44, 0x00, 0x00,
    0x4c, 0x8b, 0x75, 0x08, 0xe9, 0x36, 0xfd, 0xff, 0xff, 0x0f, 0x1f, 0x80, 0x00, 0x00, 0x00, 0x00,
    0x48, 0x8b, 0x45, 0x08, 0xe9, 0x26, 0xfd, 0xff, 0xff, 0x0f, 0x1f, 0x80, 0x00, 0x00, 0x00, 0x00,
    0x49, 0x29, 0xf8, 0x48, 0x89, 0xf9, 0x48, 0x01, 0xfa, 0x49, 0x01, 0xd8, 0x66, 0x66, 0x2e, 0x0f,
    0x1f, 0x84, 0x00, 0x00, 0x00, 0x00, 0x00, 0x66, 0x0f, 0x1f, 0x84, 0x00, 0x00, 0x00, 0x00, 0x00,
    0x49, 0x89, 0xc9, 0x46, 0x0f, 0xb6, 0x14, 0x01, 0x48, 0x83, 0xc1, 0x01, 0x45, 0x88, 0x11, 0x48,
    0x39, 0xd1, 0x75, 0xec, 0x48, 0x8b, 0x50, 0x20, 0xe9, 0x51, 0xfb, 0xff, 0xff, 0x0f, 0x1f, 0x00,
    0x0f, 0xb7, 0x4b, 0x38, 0xe9, 0x77, 0xfb, 0xff, 0xff, 0x45, 0x31, 0xd2, 0x45, 0x31, 0xc0, 0x45,
    0x31, 0xc9, 0xb8, 0x0b, 0x00, 0x00, 0x00, 0xbe, 0x00, 0x00, 0x04, 0x00, 0x31, 0xd2, 0x48, 0x89,
    0xdf, 0x0f, 0x05, 0x66, 0x66, 0x2e, 0x0f, 0x1f, 0x84, 0x00, 0x00, 0x00, 0x00, 0x00, 0x66, 0x90,
    0x48, 0x63, 0x44, 0x24, 0x14, 0x66, 0x0f, 0xef, 0xc0, 0x48, 0xc1, 0xe0, 0x05, 0x4c, 0x89, 0xac,
    0x04, 0xb0, 0x01, 0x00, 0x00, 0x48, 0xc7, 0x84, 0x04, 0xc8, 0x01, 0x00, 0x00, 0x00, 0x00, 0x00,
    0x00, 0x0f, 0x11, 0x84, 0x04, 0xb8, 0x01, 0x00, 0x00, 0xe9, 0x42, 0xfd, 0xff, 0xff, 0x66, 0x90,
    0x85, 0xc9, 0x74, 0xa5, 0x0f, 0xb7, 0x73, 0x36, 0x48, 0x8b, 0x53, 0x20, 0xe9, 0xae, 0xfb, 0xff,
    0xff, 0x0f, 0x1f, 0x80, 0x00, 0x00, 0x00, 0x00, 0x48, 0x8b, 0x6f, 0x10, 0x4c, 0x01, 0xed, 0xe9,
    0xca, 0xfb, 0xff, 0xff, 0x45, 0x31, 0xd2, 0x45, 0x31, 0xc0, 0x45, 0x31, 0xc9, 0xb8, 0x0b, 0x00,
    0x00, 0x00, 0xbe, 0x00, 0x00, 0x04, 0x00, 0x31, 0xd2, 0x48, 0x89, 0xdf, 0x0f, 0x05, 0xb8, 0x01,
    0x00, 0x00, 0x00, 0x66, 0x66, 0x2e, 0x0f, 0x1f, 0x84, 0x00, 0x00, 0x00, 0x00, 0x00, 0x66, 0x66,
    0x2e, 0x0f, 0x1f, 0x84, 0x00, 0x00, 0x00, 0x00, 0x00, 0x0f, 0x1f, 0x80, 0x00, 0x00, 0x00, 0x00,
    0x48, 0x89, 0xc2, 0x48, 0x8d, 0x1d, 0x75, 0x05, 0x00, 0x00, 0x48, 0x83, 0xc0, 0x01, 0x80, 0x3c,
    0x03, 0x00, 0x75, 0xec, 0x48, 0x63, 0xd2, 0x4c, 0x89, 0xe0, 0x48, 0x8d, 0x73, 0x01, 0x4c, 0x89,
    0xe7, 0x0f, 0x05, 0x48, 0x8b, 0x44, 0x24, 0x08, 0x48, 0x8b, 0x1c, 0x24, 0x48, 0x8b, 0x34, 0xd8,
    0x80, 0x3e, 0x00, 0x74, 0x6a, 0xb8, 0x01, 0x00, 0x00, 0x00, 0x66, 0x0f, 0x1f, 0x44, 0x00, 0x00,
    0x48, 0x89, 0xc2, 0x48, 0x83, 0xc0, 0x01, 0x80, 0x7c, 0x06, 0xff, 0x00, 0x75, 0xf2, 0x48, 0x63,
    0xd2, 0x4c, 0x89, 0xe0, 0x4c, 0x89, 0xe7, 0x0f, 0x05, 0x48, 0x8d, 0x35, 0x4d, 0x01, 0x00, 0x00,
    0x4c, 0x89, 0xe0, 0x4c, 0x89, 0xe2, 0x0f, 0x05, 0xb8, 0xe7, 0x00, 0x00, 0x00, 0xbf, 0x7f, 0x00,
    0x00, 0x00, 0x0f, 0x05, 0xe9, 0xb5, 0xfc, 0xff, 0xff, 0x31, 0xd2, 0xe9, 0xbe, 0xf6, 0xff, 0xff,
    0x31, 0xd2, 0xe9, 0xe6, 0xf7, 0xff, 0xff, 0x4c, 0x89, 0xcb, 0x48, 0x2b, 0x58, 0x10, 0xe9, 0xbb,
    0xf3, 0xff, 0xff, 0x4c, 0x89, 0xcb, 0x49, 0x2b, 0x59, 0xe0, 0xe9, 0xc8, 0xf3, 0xff, 0xff, 0x31,
    0xd2, 0xeb, 0xab, 0x45, 0x31, 0xdb, 0x85, 0xd2, 0x0f, 0x8e, 0x4c, 0xfd, 0xff, 0xff, 0x45, 0x31,
    0xc0, 0x31, 0xc9, 0x45, 0x31, 0xd2, 0x31, 0xed, 0x4c, 0x89, 0x44, 0x24, 0x18, 0xe9, 0xe3, 0xf5,
    0xff, 0xff, 0x45, 0x31, 0xdb, 0xe9, 0x95, 0xfc, 0xff, 0xff, 0xb8, 0x03, 0x00, 0x00, 0x00, 0x4c,
    0x89, 0xef, 0x0f, 0x05, 0xe9, 0x05, 0xff, 0xff, 0xff, 0x31, 0xc0, 0x48, 0x8d, 0x0d, 0x55, 0x02,
    0x00, 0x00, 0x48, 0x89, 0xc2, 0x48, 0x83, 0xc0, 0x01, 0x80, 0x3c, 0x01, 0x00, 0x75, 0xf3, 0xb8,
    0x01, 0x00, 0x00, 0x00, 0x48, 0x63, 0xd2, 0x48, 0x8d, 0x35, 0x3a, 0x02, 0x00, 0x00, 0x48, 0x89,
    0xc7, 0x0f, 0x05, 0x31, 0xc0, 0x48, 0x8d, 0x8c, 0x24, 0x2f, 0x01, 0x00, 0x00, 0x48, 0x89, 0xc2,
    0x48, 0x83, 0xc0, 0x01, 0x80, 0x3c, 0x01, 0x00, 0x75, 0xf3, 0xb8, 0x01, 0x00, 0x00, 0x00, 0x48,
    0x63, 0xd2, 0x4c, 0x89, 0xc6, 0x48, 0x89, 0xc7, 0x0f, 0x05, 0x31, 0xc0, 0x48, 0x8d, 0x0d, 0x79,
    0x00, 0x00, 0x00, 0x48, 0x89, 0xc2, 0x48, 0x83, 0xc0, 0x01, 0x80, 0x3c, 0x01, 0x00, 0x75, 0xf3,
    0xb8, 0x01, 0x00, 0x00, 0x00, 0x48, 0x63, 0xd2, 0x48, 0x8d, 0x35, 0x5e, 0x00, 0x00, 0x00, 0x48,
    0x89, 0xc7, 0x0f, 0x05, 0xe9, 0x85, 0xfe, 0xff, 0xff, 0x45, 0x31, 0xd2, 0x45, 0x31, 0xc0, 0xb8,
    0x0b, 0x00, 0x00, 0x00, 0x48, 0x89, 0xdf, 0xbe, 0x00, 0x00, 0x04, 0x00, 0x31, 0xd2, 0x0f, 0x05,
    0xe9, 0x69, 0xfe, 0xff, 0xff, 0xb8, 0x03, 0x00, 0x00, 0x00, 0x0f, 0x05, 0x48, 0x8d, 0x3d, 0xcd,
    0x01, 0x00, 0x00, 0xe8, 0x38, 0xd8, 0xff, 0xff, 0xb8, 0x03, 0x00, 0x00, 0x00, 0x0f, 0x05, 0x48,
    0x8d, 0x3d, 0xc2, 0x03, 0x00, 0x00, 0xe8, 0x25, 0xd8, 0xff, 0xff, 0x6c, 0x64, 0x2d, 0x63, 0x6f,
    0x73, 0x6d, 0x6f, 0x3a, 0x20, 0x46, 0x41, 0x54, 0x41, 0x4c, 0x3a, 0x20, 0x00, 0x0a, 0x00, 0x30,
    0x00, 0x30, 0x31, 0x32, 0x33, 0x34, 0x35, 0x36, 0x37, 0x38, 0x39, 0x61, 0x62, 0x63, 0x64, 0x65,
    0x66, 0x00, 0x6c, 0x64, 0x2d, 0x63, 0x6f, 0x73, 0x6d, 0x6f, 0x3a, 0x20, 0x75, 0x6e, 0x72, 0x65,
    0x73, 0x6f, 0x6c, 0x76, 0x65, 0x64, 0x3a, 0x20, 0x00, 0x6c, 0x64, 0x2d, 0x63, 0x6f, 0x73, 0x6d,
    0x6f, 0x3a, 0x20, 0x75, 0x6e, 0x6b, 0x6e, 0x6f, 0x77, 0x6e, 0x20, 0x72, 0x65, 0x6c, 0x6f, 0x63,
    0x20, 0x74, 0x79, 0x70, 0x65, 0x20, 0x00, 0x64, 0x6c, 0x6f, 0x70, 0x65, 0x6e, 0x3a, 0x20, 0x70,
    0x61, 0x74, 0x68, 0x20, 0x74, 0x6f, 0x6f, 0x20, 0x6c, 0x6f, 0x6e, 0x67, 0x00, 0x2f, 0x6c, 0x69,
    0x62, 0x2f, 0x00, 0x64, 0x6c, 0x6f, 0x70, 0x65, 0x6e, 0x3a, 0x20, 0x63, 0x61, 0x6e, 0x6e, 0x6f,
    0x74, 0x20, 0x6f, 0x70, 0x65, 0x6e, 0x20, 0x6c, 0x69, 0x62, 0x72, 0x61, 0x72, 0x79, 0x00, 0x64,
    0x6c, 0x6f, 0x70, 0x65, 0x6e, 0x3a, 0x20, 0x62, 0x61, 0x64, 0x20, 0x45, 0x4c, 0x46, 0x20, 0x6d,
    0x61, 0x67, 0x69, 0x63, 0x00, 0x64, 0x6c, 0x6f, 0x70, 0x65, 0x6e, 0x3a, 0x20, 0x6e, 0x6f, 0x20,
    0x50, 0x54, 0x5f, 0x4c, 0x4f, 0x41, 0x44, 0x20, 0x73, 0x65, 0x67, 0x6d, 0x65, 0x6e, 0x74, 0x73,
    0x00, 0x64, 0x6c, 0x73, 0x79, 0x6d, 0x3a, 0x20, 0x4e, 0x55, 0x4c, 0x4c, 0x20, 0x73, 0x79, 0x6d,
    0x62, 0x6f, 0x6c, 0x20, 0x6e, 0x61, 0x6d, 0x65, 0x00, 0x64, 0x6c, 0x73, 0x79, 0x6d, 0x3a, 0x20,
    0x73, 0x79, 0x6d, 0x62, 0x6f, 0x6c, 0x20, 0x6e, 0x6f, 0x74, 0x20, 0x66, 0x6f, 0x75, 0x6e, 0x64,
    0x00, 0x64, 0x6c, 0x73, 0x79, 0x6d, 0x3a, 0x20, 0x69, 0x6e, 0x76, 0x61, 0x6c, 0x69, 0x64, 0x20,
    0x68, 0x61, 0x6e, 0x64, 0x6c, 0x65, 0x00, 0x64, 0x6c, 0x63, 0x6c, 0x6f, 0x73, 0x65, 0x3a, 0x20,
    0x69, 0x6e, 0x76, 0x61, 0x6c, 0x69, 0x64, 0x20, 0x68, 0x61, 0x6e, 0x64, 0x6c, 0x65, 0x00, 0x20,
    0x20, 0x41, 0x54, 0x5f, 0x50, 0x48, 0x44, 0x52, 0x3d, 0x00, 0x20, 0x41, 0x54, 0x5f, 0x50, 0x48,
    0x4e, 0x55, 0x4d, 0x3d, 0x00, 0x20, 0x41, 0x54, 0x5f, 0x50, 0x48, 0x45, 0x4e, 0x54, 0x3d, 0x00,
    0x20, 0x20, 0x41, 0x54, 0x5f, 0x45, 0x4e, 0x54, 0x52, 0x59, 0x3d, 0x00, 0x20, 0x41, 0x54, 0x5f,
    0x42, 0x41, 0x53, 0x45, 0x3d, 0x00, 0x20, 0x41, 0x54, 0x5f, 0x50, 0x41, 0x47, 0x45, 0x53, 0x5a,
    0x3d, 0x00, 0x20, 0x20, 0x70, 0x72, 0x6f, 0x67, 0x5f, 0x62, 0x61, 0x73, 0x65, 0x3d, 0x00, 0x6c,
    0x64, 0x2d, 0x63, 0x6f, 0x73, 0x6d, 0x6f, 0x3a, 0x20, 0x44, 0x54, 0x5f, 0x4e, 0x45, 0x45, 0x44,
    0x45, 0x44, 0x3a, 0x20, 0x00, 0x6c, 0x64, 0x2d, 0x63, 0x6f, 0x73, 0x6d, 0x6f, 0x3a, 0x20, 0x6c,
    0x6f, 0x61, 0x64, 0x69, 0x6e, 0x67, 0x20, 0x00, 0x6c, 0x64, 0x2d, 0x63, 0x6f, 0x73, 0x6d, 0x6f,
    0x3a, 0x20, 0x6f, 0x70, 0x65, 0x6e, 0x20, 0x66, 0x61, 0x69, 0x6c, 0x65, 0x64, 0x3a, 0x20, 0x00,
    0x62, 0x61, 0x64, 0x20, 0x45, 0x4c, 0x46, 0x20, 0x6d, 0x61, 0x67, 0x69, 0x63, 0x20, 0x69, 0x6e,
    0x20, 0x6c, 0x69, 0x62, 0x72, 0x61, 0x72, 0x79, 0x00, 0x6c, 0x64, 0x2d, 0x63, 0x6f, 0x73, 0x6d,
    0x6f, 0x3a, 0x20, 0x6c, 0x6f, 0x61, 0x64, 0x65, 0x64, 0x20, 0x61, 0x74, 0x20, 0x62, 0x61, 0x73,
    0x65, 0x3d, 0x00, 0x0f, 0x1f, 0x44, 0x00, 0x00, 0x6c, 0x64, 0x2d, 0x63, 0x6f, 0x73, 0x6d, 0x6f,
    0x3a, 0x20, 0x72, 0x65, 0x6c, 0x6f, 0x63, 0x20, 0x77, 0x69, 0x74, 0x68, 0x6f, 0x75, 0x74, 0x20,
    0x73, 0x79, 0x6d, 0x74, 0x61, 0x62, 0x0a, 0x00, 0x64, 0x6c, 0x6f, 0x70, 0x65, 0x6e, 0x3a, 0x20,
    0x6d, 0x61, 0x69, 0x6e, 0x20, 0x70, 0x72, 0x6f, 0x67, 0x72, 0x61, 0x6d, 0x20, 0x6e, 0x6f, 0x74,
    0x20, 0x6c, 0x69, 0x6e, 0x6b, 0x65, 0x64, 0x20, 0x64, 0x79, 0x6e, 0x61, 0x6d, 0x69, 0x63, 0x61,
    0x6c, 0x6c, 0x79, 0x00, 0x00, 0x00, 0x00, 0x00, 0x64, 0x6c, 0x6f, 0x70, 0x65, 0x6e, 0x3a, 0x20,
    0x74, 0x6f, 0x6f, 0x20, 0x6d, 0x61, 0x6e, 0x79, 0x20, 0x6f, 0x70, 0x65, 0x6e, 0x20, 0x6c, 0x69,
    0x62, 0x72, 0x61, 0x72, 0x69, 0x65, 0x73, 0x00, 0x64, 0x6c, 0x6f, 0x70, 0x65, 0x6e, 0x3a, 0x20,
    0x6d, 0x6d, 0x61, 0x70, 0x20, 0x66, 0x61, 0x69, 0x6c, 0x65, 0x64, 0x20, 0x66, 0x6f, 0x72, 0x20,
    0x72, 0x65, 0x61, 0x64, 0x20, 0x62, 0x75, 0x66, 0x66, 0x65, 0x72, 0x00, 0x00, 0x00, 0x00, 0x00,
    0x64, 0x6c, 0x6f, 0x70, 0x65, 0x6e, 0x3a, 0x20, 0x66, 0x69, 0x6c, 0x65, 0x20, 0x74, 0x6f, 0x6f,
    0x20, 0x73, 0x6d, 0x61, 0x6c, 0x6c, 0x20, 0x66, 0x6f, 0x72, 0x20, 0x45, 0x4c, 0x46, 0x20, 0x68,
    0x65, 0x61, 0x64, 0x65, 0x72, 0x00, 0x00, 0x00, 0x64, 0x6c, 0x6f, 0x70, 0x65, 0x6e, 0x3a, 0x20,
    0x6d, 0x6d, 0x61, 0x70, 0x20, 0x66, 0x61, 0x69, 0x6c, 0x65, 0x64, 0x20, 0x66, 0x6f, 0x72, 0x20,
    0x6c, 0x69, 0x62, 0x72, 0x61, 0x72, 0x79, 0x20, 0x73, 0x65, 0x67, 0x6d, 0x65, 0x6e, 0x74, 0x73,
    0x00, 0x00, 0x00, 0x00, 0x00, 0x00, 0x00, 0x00, 0x64, 0x6c, 0x73, 0x79, 0x6d, 0x3a, 0x20, 0x6d,
    0x61, 0x69, 0x6e, 0x20, 0x70, 0x72, 0x6f, 0x67, 0x72, 0x61, 0x6d, 0x20, 0x68, 0x61, 0x73, 0x20,
    0x6e, 0x6f, 0x20, 0x64, 0x79, 0x6e, 0x61, 0x6d, 0x69, 0x63, 0x20, 0x73, 0x79, 0x6d, 0x62, 0x6f,
    0x6c, 0x73, 0x00, 0x00, 0x00, 0x00, 0x00, 0x00, 0x64, 0x6c, 0x73, 0x79, 0x6d, 0x3a, 0x20, 0x73,
    0x79, 0x6d, 0x62, 0x6f, 0x6c, 0x20, 0x6e, 0x6f, 0x74, 0x20, 0x66, 0x6f, 0x75, 0x6e, 0x64, 0x20,
    0x69, 0x6e, 0x20, 0x6d, 0x61, 0x69, 0x6e, 0x20, 0x70, 0x72, 0x6f, 0x67, 0x72, 0x61, 0x6d, 0x00,
    0x6c, 0x64, 0x2d, 0x63, 0x6f, 0x73, 0x6d, 0x6f, 0x3a, 0x20, 0x64, 0x79, 0x6e, 0x61, 0x6d, 0x69,
    0x63, 0x20, 0x6c, 0x69, 0x6e, 0x6b, 0x65, 0x72, 0x20, 0x73, 0x74, 0x61, 0x72, 0x74, 0x65, 0x64,
    0x0a, 0x00, 0x00, 0x00, 0x00, 0x00, 0x00, 0x00, 0x6c, 0x64, 0x2d, 0x63, 0x6f, 0x73, 0x6d, 0x6f,
    0x3a, 0x20, 0x6e, 0x6f, 0x20, 0x70, 0x72, 0x6f, 0x67, 0x72, 0x61, 0x6d, 0x20, 0x28, 0x41, 0x54,
    0x5f, 0x45, 0x4e, 0x54, 0x52, 0x59, 0x3d, 0x30, 0x29, 0x2c, 0x20, 0x65, 0x78, 0x69, 0x74, 0x69,
    0x6e, 0x67, 0x0a, 0x00, 0x00, 0x00, 0x00, 0x00, 0x6c, 0x64, 0x2d, 0x63, 0x6f, 0x73, 0x6d, 0x6f,
    0x3a, 0x20, 0x6e, 0x6f, 0x20, 0x50, 0x54, 0x5f, 0x44, 0x59, 0x4e, 0x41, 0x4d, 0x49, 0x43, 0x2c,
    0x20, 0x6a, 0x75, 0x6d, 0x70, 0x69, 0x6e, 0x67, 0x20, 0x74, 0x6f, 0x20, 0x65, 0x6e, 0x74, 0x72,
    0x79, 0x0a, 0x00, 0x00, 0x00, 0x00, 0x00, 0x00, 0x73, 0x68, 0x6f, 0x72, 0x74, 0x20, 0x72, 0x65,
    0x61, 0x64, 0x20, 0x6f, 0x6e, 0x20, 0x6c, 0x69, 0x62, 0x72, 0x61, 0x72, 0x79, 0x20, 0x45, 0x4c,
    0x46, 0x20, 0x68, 0x65, 0x61, 0x64, 0x65, 0x72, 0x00, 0x00, 0x00, 0x00, 0x00, 0x00, 0x00, 0x00,
    0x6c, 0x64, 0x2d, 0x63, 0x6f, 0x73, 0x6d, 0x6f, 0x3a, 0x20, 0x46, 0x41, 0x54, 0x41, 0x4c, 0x20,
    0xe2, 0x80, 0x94, 0x20, 0x6d, 0x69, 0x73, 0x73, 0x69, 0x6e, 0x67, 0x20, 0x6c, 0x69, 0x62, 0x72,
    0x61, 0x72, 0x79, 0x3a, 0x20, 0x00, 0x00, 0x00, 0x6c, 0x64, 0x2d, 0x63, 0x6f, 0x73, 0x6d, 0x6f,
    0x3a, 0x20, 0x72, 0x65, 0x6c, 0x6f, 0x63, 0x61, 0x74, 0x69, 0x6f, 0x6e, 0x73, 0x20, 0x61, 0x70,
    0x70, 0x6c, 0x69, 0x65, 0x64, 0x2c, 0x20, 0x6a, 0x75, 0x6d, 0x70, 0x69, 0x6e, 0x67, 0x20, 0x74,
    0x6f, 0x20, 0x65, 0x6e, 0x74, 0x72, 0x79, 0x0a, 0x00, 0x0f, 0x1f, 0x00, 0xc4, 0xdd, 0xff, 0xff,
    0xc4, 0xdd, 0xff, 0xff, 0xc4, 0xe2, 0xff, 0xff, 0xc4, 0xdd, 0xff, 0xff, 0x94, 0xe2, 0xff, 0xff,
    0x64, 0xe2, 0xff, 0xff, 0xa4, 0xdd, 0xff, 0xff, 0x44, 0xe2, 0xff, 0xff, 0x24, 0xe2, 0xff, 0xff,
    0xc4, 0xdd, 0xff, 0xff, 0xc4, 0xdd, 0xff, 0xff, 0xc4, 0xdd, 0xff, 0xff, 0xf4, 0xe1, 0xff, 0xff,
    0xc4, 0xe1, 0xff, 0xff, 0xc4, 0xdd, 0xff, 0xff, 0xc4, 0xdd, 0xff, 0xff, 0xc4, 0xdd, 0xff, 0xff,
    0xc4, 0xdd, 0xff, 0xff, 0xc4, 0xdd, 0xff, 0xff, 0xc4, 0xdd, 0xff, 0xff, 0xc4, 0xdd, 0xff, 0xff,
    0xc4, 0xdd, 0xff, 0xff, 0xc4, 0xdd, 0xff, 0xff, 0xa4, 0xe1, 0xff, 0xff, 0xc4, 0xdd, 0xff, 0xff,
    0x74, 0xe1, 0xff, 0xff, 0x44, 0xe1, 0xff, 0xff, 0x14, 0xe1, 0xff, 0xff, 0xec, 0xe0, 0xff, 0xff,
    0x00, 0xef, 0xff, 0xff, 0xf0, 0xee, 0xff, 0xff, 0x20, 0xef, 0xff, 0xff, 0x10, 0xef, 0xff, 0xff,
    0x30, 0xef, 0xff, 0xff, 0xc0, 0xeb, 0xff, 0xff, 0xb8, 0xeb, 0xff, 0xff, 0x0f, 0x1f, 0x40, 0x00,
    0x01, 0x00, 0x00, 0x00, 0x01, 0x00, 0x00, 0x00, 0x00, 0x00, 0x00, 0x00, 0x00, 0x00, 0x00, 0x00,
    0x00, 0x00, 0x00, 0x00, 0x00, 0x00, 0x00, 0x00, 0x00, 0x00, 0x00, 0x00, 0x00, 0x00, 0x00, 0x00,
    0x01, 0x00, 0x00, 0x00, 0x04, 0x00, 0xf1, 0xff, 0x00, 0x00, 0x00, 0x00, 0x00, 0x00, 0x00, 0x00,
    0x00, 0x00, 0x00, 0x00, 0x00, 0x00, 0x00, 0x00, 0x0c, 0x00, 0x00, 0x00, 0x02, 0x00, 0x01, 0x00,
    0x00, 0x00, 0x10, 0x00, 0x00, 0x7f, 0x00, 0x00, 0x92, 0x01, 0x00, 0x00, 0x00, 0x00, 0x00, 0x00,
    0x17, 0x00, 0x00, 0x00, 0x02, 0x00, 0x01, 0x00, 0xa0, 0x01, 0x10, 0x00, 0x00, 0x7f, 0x00, 0x00,
    0x7e, 0x00, 0x00, 0x00, 0x00, 0x00, 0x00, 0x00, 0x1b, 0x00, 0x00, 0x00, 0x02, 0x00, 0x01, 0x00,
    0x20, 0x02, 0x10, 0x00, 0x00, 0x7f, 0x00, 0x00, 0xcc, 0x00, 0x00, 0x00, 0x00, 0x00, 0x00, 0x00,
    0x23, 0x00, 0x00, 0x00, 0x02, 0x00, 0x01, 0x00, 0xf0, 0x02, 0x10, 0x00, 0x00, 0x7f, 0x00, 0x00,
    0xba, 0x02, 0x00, 0x00, 0x00, 0x00, 0x00, 0x00, 0x2e, 0x00, 0x00, 0x00, 0x02, 0x00, 0x01, 0x00,
    0xb0, 0x05, 0x10, 0x00, 0x00, 0x7f, 0x00, 0x00, 0xf7, 0x00, 0x00, 0x00, 0x00, 0x00, 0x00, 0x00,
    0x48, 0x00, 0x00, 0x00, 0x01, 0x00, 0x02, 0x00, 0x60, 0x30, 0x10, 0x00, 0x00, 0x7f, 0x00, 0x00,
    0x80, 0x06, 0x00, 0x00, 0x00, 0x00, 0x00, 0x00, 0x53, 0x00, 0x00, 0x00, 0x01, 0x00, 0x02, 0x00,
    0xe0, 0x2f, 0x10, 0x00, 0x00, 0x7f, 0x00, 0x00, 0x80, 0x00, 0x00, 0x00, 0x00, 0x00, 0x00, 0x00,
    0x5d, 0x00, 0x00, 0x00, 0x01, 0x00, 0x02, 0x00, 0xc0, 0x2f, 0x10, 0x00, 0x00, 0x7f, 0x00, 0x00,
    0x04, 0x00, 0x00, 0x00, 0x00, 0x00, 0x00, 0x00, 0x68, 0x00, 0x00, 0x00, 0x01, 0x00, 0x02, 0x00,
    0x80, 0x2f, 0x10, 0x00, 0x00, 0x7f, 0x00, 0x00, 0x04, 0x00, 0x00, 0x00, 0x00, 0x00, 0x00, 0x00,
    0x7a, 0x00, 0x00, 0x00, 0x01, 0x00, 0x02, 0x00, 0x60, 0x2e, 0x10, 0x00, 0x00, 0x7f, 0x00, 0x00,
    0x04, 0x00, 0x00, 0x00, 0x00, 0x00, 0x00, 0x00, 0x8f, 0x00, 0x00, 0x00, 0x01, 0x00, 0x02, 0x00,
    0x80, 0x2e, 0x10, 0x00, 0x00, 0x7f, 0x00, 0x00, 0x00, 0x01, 0x00, 0x00, 0x00, 0x00, 0x00, 0x00,
    0x9e, 0x00, 0x00, 0x00, 0x01, 0x00, 0x02, 0x00, 0xa0, 0x2f, 0x10, 0x00, 0x00, 0x7f, 0x00, 0x00,
    0x20, 0x00, 0x00, 0x00, 0x00, 0x00, 0x00, 0x00, 0xaa, 0x00, 0x00, 0x00, 0x12, 0x00, 0x01, 0x00,
    0x40, 0x19, 0x10, 0x00, 0x00, 0x7f, 0x00, 0x00, 0x23, 0x00, 0x00, 0x00, 0x00, 0x00, 0x00, 0x00,
    0xb2, 0x00, 0x00, 0x00, 0x12, 0x00, 0x01, 0x00, 0x80, 0x17, 0x10, 0x00, 0x00, 0x7f, 0x00, 0x00,
    0xb8, 0x01, 0x00, 0x00, 0x00, 0x00, 0x00, 0x00, 0xba, 0x00, 0x00, 0x00, 0x12, 0x00, 0x01, 0x00,
    0x70, 0x19, 0x10, 0x00, 0x00, 0x7f, 0x00, 0x00, 0x0b, 0x10, 0x00, 0x00, 0x00, 0x00, 0x00, 0x00,
    0xc1, 0x00, 0x00, 0x00, 0x12, 0x00, 0x01, 0x00, 0xb0, 0x06, 0x10, 0x00, 0x00, 0x7f, 0x00, 0x00,
    0x3b, 0x0d, 0x00, 0x00, 0x00, 0x00, 0x00, 0x00, 0xc8, 0x00, 0x00, 0x00, 0x12, 0x00, 0x01, 0x00,
    0xf0, 0x13, 0x10, 0x00, 0x00, 0x7f, 0x00, 0x00, 0x8b, 0x03, 0x00, 0x00, 0x00, 0x00, 0x00, 0x00,
    0x00, 0x6c, 0x64, 0x2d, 0x63, 0x6f, 0x73, 0x6d, 0x6f, 0x2e, 0x63, 0x00, 0x6c, 0x69, 0x62, 0x5f,
    0x6c, 0x6f, 0x6f, 0x6b, 0x75, 0x70, 0x00, 0x64, 0x69, 0x65, 0x00, 0x70, 0x75, 0x74, 0x5f, 0x68,
    0x65, 0x78, 0x00, 0x61, 0x70, 0x70, 0x6c, 0x79, 0x5f, 0x72, 0x65, 0x6c, 0x61, 0x00, 0x70, 0x61,
    0x72, 0x73, 0x65, 0x5f, 0x64, 0x79, 0x6e, 0x61, 0x6d, 0x69, 0x63, 0x2e, 0x63, 0x6f, 0x6e, 0x73,
    0x74, 0x70, 0x72, 0x6f, 0x70, 0x2e, 0x30, 0x00, 0x64, 0x6c, 0x5f, 0x68, 0x61, 0x6e, 0x64, 0x6c,
    0x65, 0x73, 0x00, 0x64, 0x6c, 0x5f, 0x65, 0x72, 0x72, 0x62, 0x75, 0x66, 0x00, 0x64, 0x6c, 0x5f,
    0x65, 0x72, 0x72, 0x5f, 0x73, 0x65, 0x74, 0x00, 0x64, 0x6c, 0x5f, 0x6d, 0x61, 0x69, 0x6e, 0x5f,
    0x6c, 0x69, 0x62, 0x5f, 0x76, 0x61, 0x6c, 0x69, 0x64, 0x00, 0x64, 0x6c, 0x5f, 0x6e, 0x65, 0x65,
    0x64, 0x65, 0x64, 0x5f, 0x6c, 0x69, 0x62, 0x73, 0x5f, 0x63, 0x6f, 0x75, 0x6e, 0x74, 0x00, 0x64,
    0x6c, 0x5f, 0x6e, 0x65, 0x65, 0x64, 0x65, 0x64, 0x5f, 0x6c, 0x69, 0x62, 0x73, 0x00, 0x64, 0x6c,
    0x5f, 0x6d, 0x61, 0x69, 0x6e, 0x5f, 0x6c, 0x69, 0x62, 0x00, 0x64, 0x6c, 0x65, 0x72, 0x72, 0x6f,
    0x72, 0x00, 0x64, 0x6c, 0x63, 0x6c, 0x6f, 0x73, 0x65, 0x00, 0x5f, 0x73, 0x74, 0x61, 0x72, 0x74,
    0x00, 0x64, 0x6c, 0x6f, 0x70, 0x65, 0x6e, 0x00, 0x64, 0x6c, 0x73, 0x79, 0x6d, 0x00, 0x00, 0x2e,
    0x73, 0x79, 0x6d, 0x74, 0x61, 0x62, 0x00, 0x2e, 0x73, 0x74, 0x72, 0x74, 0x61, 0x62, 0x00, 0x2e,
    0x73, 0x68, 0x73, 0x74, 0x72, 0x74, 0x61, 0x62, 0x00, 0x2e, 0x74, 0x65, 0x78, 0x74, 0x00, 0x2e,
    0x62, 0x73, 0x73, 0x00, 0x00, 0x00, 0x00, 0x00, 0x00, 0x00, 0x00, 0x00, 0x00, 0x00, 0x00, 0x00,
    0x00, 0x00, 0x00, 0x00, 0x00, 0x00, 0x00, 0x00, 0x00, 0x00, 0x00, 0x00, 0x00, 0x00, 0x00, 0x00,
    0x00, 0x00, 0x00, 0x00, 0x00, 0x00, 0x00, 0x00, 0x00, 0x00, 0x00, 0x00, 0x00, 0x00, 0x00, 0x00,
    0x00, 0x00, 0x00, 0x00, 0x00, 0x00, 0x00, 0x00, 0x00, 0x00, 0x00, 0x00, 0x00, 0x00, 0x00, 0x00,
    0x00, 0x00, 0x00, 0x00, 0x00, 0x00, 0x00, 0x00, 0x1b, 0x00, 0x00, 0x00, 0x01, 0x00, 0x00, 0x00,
    0x06, 0x00, 0x00, 0x00, 0x00, 0x00, 0x00, 0x00, 0x00, 0x00, 0x10, 0x00, 0x00, 0x7f, 0x00, 0x00,
    0x00, 0x10, 0x00, 0x00, 0x00, 0x00, 0x00, 0x00, 0x58, 0x2e, 0x00, 0x00, 0x00, 0x00, 0x00, 0x00,
    0x00, 0x00, 0x00, 0x00, 0x00, 0x00, 0x00, 0x00, 0x40, 0x00, 0x00, 0x00, 0x00, 0x00, 0x00, 0x00,
    0x00, 0x00, 0x00, 0x00, 0x00, 0x00, 0x00, 0x00, 0x21, 0x00, 0x00, 0x00, 0x08, 0x00, 0x00, 0x00,
    0x03, 0x00, 0x00, 0x00, 0x00, 0x00, 0x00, 0x00, 0x60, 0x2e, 0x10, 0x00, 0x00, 0x7f, 0x00, 0x00,
    0x58, 0x3e, 0x00, 0x00, 0x00, 0x00, 0x00, 0x00, 0x80, 0x08, 0x00, 0x00, 0x00, 0x00, 0x00, 0x00,
    0x00, 0x00, 0x00, 0x00, 0x00, 0x00, 0x00, 0x00, 0x20, 0x00, 0x00, 0x00, 0x00, 0x00, 0x00, 0x00,
    0x00, 0x00, 0x00, 0x00, 0x00, 0x00, 0x00, 0x00, 0x01, 0x00, 0x00, 0x00, 0x02, 0x00, 0x00, 0x00,
    0x00, 0x00, 0x00, 0x00, 0x00, 0x00, 0x00, 0x00, 0x00, 0x00, 0x00, 0x00, 0x00, 0x00, 0x00, 0x00,
    0x58, 0x3e, 0x00, 0x00, 0x00, 0x00, 0x00, 0x00, 0xc8, 0x01, 0x00, 0x00, 0x00, 0x00, 0x00, 0x00,
    0x04, 0x00, 0x00, 0x00, 0x0e, 0x00, 0x00, 0x00, 0x08, 0x00, 0x00, 0x00, 0x00, 0x00, 0x00, 0x00,
    0x18, 0x00, 0x00, 0x00, 0x00, 0x00, 0x00, 0x00, 0x09, 0x00, 0x00, 0x00, 0x03, 0x00, 0x00, 0x00,
    0x00, 0x00, 0x00, 0x00, 0x00, 0x00, 0x00, 0x00, 0x00, 0x00, 0x00, 0x00, 0x00, 0x00, 0x00, 0x00,
    0x20, 0x40, 0x00, 0x00, 0x00, 0x00, 0x00, 0x00, 0xce, 0x00, 0x00, 0x00, 0x00, 0x00, 0x00, 0x00,
    0x00, 0x00, 0x00, 0x00, 0x00, 0x00, 0x00, 0x00, 0x01, 0x00, 0x00, 0x00, 0x00, 0x00, 0x00, 0x00,
    0x00, 0x00, 0x00, 0x00, 0x00, 0x00, 0x00, 0x00, 0x11, 0x00, 0x00, 0x00, 0x03, 0x00, 0x00, 0x00,
    0x00, 0x00, 0x00, 0x00, 0x00, 0x00, 0x00, 0x00, 0x00, 0x00, 0x00, 0x00, 0x00, 0x00, 0x00, 0x00,
    0xee, 0x40, 0x00, 0x00, 0x00, 0x00, 0x00, 0x00, 0x26, 0x00, 0x00, 0x00, 0x00, 0x00, 0x00, 0x00,
    0x00, 0x00, 0x00, 0x00, 0x00, 0x00, 0x00, 0x00, 0x01, 0x00, 0x00, 0x00, 0x00, 0x00, 0x00, 0x00,
    0x00, 0x00, 0x00, 0x00, 0x00, 0x00, 0x00, 0x00
};
static const unsigned long ld_cosmo_bin_size = 17048;
